,Symbol,Date,CO2
0,2026,2100,0.0
0,2026,2099,0.0
0,2026,2098,0.0
0,2026,2097,0.0
0,2026,2096,0.0
0,2026,2095,0.0
0,2026,2094,0.0
0,2026,2093,0.0
0,2026,2092,0.0
0,2026,2091,0.0
0,2026,2090,0.0
0,2026,2089,0.0
0,2026,2088,0.0
0,2026,2087,0.0
0,2026,2086,0.0
0,2026,2085,0.0
0,2026,2084,0.0
0,2026,2083,0.0
0,2026,2082,0.0
0,2026,2081,0.0
0,2026,2080,0.0
0,2026,2079,0.0
0,2026,2078,0.0
0,2026,2077,0.0
0,2026,2076,0.0
0,2026,2075,0.0
0,2026,2074,0.0
0,2026,2073,0.0
0,2026,2072,0.0
0,2026,2071,0.0
0,2026,2070,0.0
0,2026,2069,0.0
0,2026,2068,0.0
0,2026,2067,0.0
0,2026,2066,0.0
0,2026,2065,0.0
0,2026,2064,0.0
0,2026,2063,0.0
0,2026,2062,0.0
0,2026,2061,0.0
0,2026,2060,0.0
0,2026,2059,0.0
0,2026,2058,0.0
0,2026,2057,0.0
0,2026,2056,0.0
0,2026,2055,0.0
0,2026,2054,0.0
0,2026,2053,0.0
0,2026,2052,0.0
0,2026,2051,0.0
0,2026,2050,0.0
0,2026,2049,0.0
0,2026,2048,0.0
0,2026,2047,0.0
0,2026,2046,0.0
0,2026,2045,0.0
0,2026,2044,0.0
0,2026,2043,0.0
0,2026,2042,0.0
0,2026,2041,0.0
0,2026,2040,0.0
0,2026,2039,0.0
0,2026,2038,0.0
0,2026,2037,0.0
0,2026,2036,0.0
0,2026,2035,3e-06
0,2026,2034,2.5e-05
0,2026,2033,0.000188
0,2026,2032,0.001409
0,2026,2031,0.010301
0,2026,2030,0.072801
0,2026,2029,0.488679
0,2026,2028,3.006805
0,2026,2027,15.452112
0,2026,2026,42.332384
0,2025,2100,0.0
0,2025,2099,0.0
0,2025,2098,0.0
0,2025,2097,0.0
0,2025,2096,0.0
0,2025,2095,0.0
0,2025,2094,0.0
0,2025,2093,0.0
0,2025,2092,0.0
0,2025,2091,0.0
0,2025,2090,0.0
0,2025,2089,0.0
0,2025,2088,0.0
0,2025,2087,0.0
0,2025,2086,0.0
0,2025,2085,0.0
0,2025,2084,0.0
0,2025,2083,0.0
0,2025,2082,0.0
0,2025,2081,0.0
0,2025,2080,0.0
0,2025,2079,0.0
0,2025,2078,0.0
0,2025,2077,0.0
0,2025,2076,0.0
0,2025,2075,0.0
0,2025,2074,0.0
0,2025,2073,0.0
0,2025,2072,0.0
0,2025,2071,0.0
0,2025,2070,0.0
0,2025,2069,0.0
0,2025,2068,0.0
0,2025,2067,0.0
0,2025,2066,0.0
0,2025,2065,0.0
0,2025,2064,0.0
0,2025,2063,0.0
0,2025,2062,0.0
0,2025,2061,0.0
0,2025,2060,0.0
0,2025,2059,0.0
0,2025,2058,0.0
0,2025,2057,0.0
0,2025,2056,0.0
0,2025,2055,0.0
0,2025,2054,0.0
0,2025,2053,0.0
0,2025,2052,0.0
0,2025,2051,0.0
0,2025,2050,0.0
0,2025,2049,0.0
0,2025,2048,0.0
0,2025,2047,0.0
0,2025,2046,0.0
0,2025,2045,1e-06
0,2025,2044,2e-06
0,2025,2043,6e-06
0,2025,2042,1.7e-05
0,2025,2041,4.6e-05
0,2025,2040,0.000121
0,2025,2039,0.000322
0,2025,2038,0.000847
0,2025,2037,0.00222
0,2025,2036,0.005785
0,2025,2035,0.014969
0,2025,2034,0.038407
0,2025,2033,0.097551
0,2025,2032,0.244691
0,2025,2031,0.604088
0,2025,2030,1.460608
0,2025,2029,3.432257
0,2025,2028,7.738021
0,2025,2027,16.334836
0,2025,2026,30.556141
0,2025,2025,42.332384
0,2024,2100,0.0
0,2024,2099,0.0
0,2024,2098,0.0
0,2024,2097,0.0
0,2024,2096,0.0
0,2024,2095,0.0
0,2024,2094,0.0
0,2024,2093,0.0
0,2024,2092,0.0
0,2024,2091,0.0
0,2024,2090,0.0
0,2024,2089,0.0
0,2024,2088,0.0
0,2024,2087,0.0
0,2024,2086,0.0
0,2024,2085,0.0
0,2024,2084,0.0
0,2024,2083,0.0
0,2024,2082,0.0
0,2024,2081,0.0
0,2024,2080,0.0
0,2024,2079,0.0
0,2024,2078,0.0
0,2024,2077,0.0
0,2024,2076,0.0
0,2024,2075,0.0
0,2024,2074,0.0
0,2024,2073,0.0
0,2024,2072,0.0
0,2024,2071,0.0
0,2024,2070,0.0
0,2024,2069,0.0
0,2024,2068,0.0
0,2024,2067,0.0
0,2024,2066,0.0
0,2024,2065,0.0
0,2024,2064,0.0
0,2024,2063,0.0
0,2024,2062,0.0
0,2024,2061,0.0
0,2024,2060,0.0
0,2024,2059,0.0
0,2024,2058,0.0
0,2024,2057,0.0
0,2024,2056,0.0
0,2024,2055,1e-06
0,2024,2054,1e-06
0,2024,2053,2e-06
0,2024,2052,4e-06
0,2024,2051,8e-06
0,2024,2050,1.5e-05
0,2024,2049,2.9e-05
0,2024,2048,5.6e-05
0,2024,2047,0.000106
0,2024,2046,0.000201
0,2024,2045,0.000381
0,2024,2044,0.000721
0,2024,2043,0.001361
0,2024,2042,0.002564
0,2024,2041,0.004817
0,2024,2040,0.009022
0,2024,2039,0.016845
0,2024,2038,0.031333
0,2024,2037,0.05804
0,2024,2036,0.106997
0,2024,2035,0.196159
0,2024,2034,0.357307
0,2024,2033,0.645889
0,2024,2032,1.156881
0,2024,2031,2.049005
0,2024,2030,3.578423
0,2024,2029,6.137236
0,2024,2028,10.273821
0,2024,2027,16.622347
0,2024,2026,25.543915
0,2024,2025,35.981534
0,2024,2024,42.332384
0,2023,2100,0.0
0,2023,2099,0.0
0,2023,2098,0.0
0,2023,2097,0.0
0,2023,2096,0.0
0,2023,2095,0.0
0,2023,2094,0.0
0,2023,2093,0.0
0,2023,2092,0.0
0,2023,2091,0.0
0,2023,2090,0.0
0,2023,2089,0.0
0,2023,2088,0.0
0,2023,2087,0.0
0,2023,2086,0.0
0,2023,2085,0.0
0,2023,2084,0.0
0,2023,2083,0.0
0,2023,2082,0.0
0,2023,2081,0.0
0,2023,2080,0.0
0,2023,2079,0.0
0,2023,2078,0.0
0,2023,2077,0.0
0,2023,2076,0.0
0,2023,2075,0.0
0,2023,2074,0.0
0,2023,2073,0.0
0,2023,2072,0.0
0,2023,2071,0.0
0,2023,2070,0.0
0,2023,2069,0.0
0,2023,2068,0.0
0,2023,2067,0.0
0,2023,2066,0.0
0,2023,2065,0.0
0,2023,2064,1e-06
0,2023,2063,1e-06
0,2023,2062,2e-06
0,2023,2061,3e-06
0,2023,2060,5e-06
0,2023,2059,9e-06
0,2023,2058,1.4e-05
0,2023,2057,2.3e-05
0,2023,2056,3.7e-05
0,2023,2055,6.1e-05
0,2023,2054,9.8e-05
0,2023,2053,0.000158
0,2023,2052,0.000255
0,2023,2051,0.00041
0,2023,2050,0.00066
0,2023,2049,0.001061
0,2023,2048,0.001704
0,2023,2047,0.002731
0,2023,2046,0.004372
0,2023,2045,0.006987
0,2023,2044,0.011146
0,2023,2043,0.017747
0,2023,2042,0.028199
0,2023,2041,0.044706
0,2023,2040,0.070696
0,2023,2039,0.111486
0,2023,2038,0.175265
0,2023,2037,0.274573
0,2023,2036,0.428461
0,2023,2035,0.665609
0,2023,2034,1.02871
0,2023,2033,1.580422
0,2023,2032,2.411048
0,2023,2031,3.6476
0,2023,2030,5.462703
0,2023,2029,8.079101
0,2023,2028,11.760013
0,2023,2027,16.764504
0,2023,2026,23.225635
0,2023,2025,30.868451
0,2023,2024,38.408695
0,2023,2023,42.332384
0,2022,2100,0.0
0,2022,2099,0.0
0,2022,2098,0.0
0,2022,2097,0.0
0,2022,2096,0.0
0,2022,2095,0.0
0,2022,2094,0.0
0,2022,2093,0.0
0,2022,2092,0.0
0,2022,2091,0.0
0,2022,2090,0.0
0,2022,2089,0.0
0,2022,2088,0.0
0,2022,2087,0.0
0,2022,2086,0.0
0,2022,2085,0.0
0,2022,2084,0.0
0,2022,2083,0.0
0,2022,2082,0.0
0,2022,2081,0.0
0,2022,2080,0.0
0,2022,2079,0.0
0,2022,2078,0.0
0,2022,2077,0.0
0,2022,2076,0.0
0,2022,2075,0.0
0,2022,2074,1e-06
0,2022,2073,1e-06
0,2022,2072,1e-06
0,2022,2071,2e-06
0,2022,2070,3e-06
0,2022,2069,4e-06
0,2022,2068,6e-06
0,2022,2067,9e-06
0,2022,2066,1.3e-05
0,2022,2065,1.9e-05
0,2022,2064,2.8e-05
0,2022,2063,4.1e-05
0,2022,2062,6e-05
0,2022,2061,8.9e-05
0,2022,2060,0.00013
0,2022,2059,0.000191
0,2022,2058,0.000279
0,2022,2057,0.000409
0,2022,2056,0.000599
0,2022,2055,0.000876
0,2022,2054,0.00128
0,2022,2053,0.00187
0,2022,2052,0.002728
0,2022,2051,0.003976
0,2022,2050,0.00579
0,2022,2049,0.008421
0,2022,2048,0.012235
0,2022,2047,0.017753
0,2022,2046,0.025727
0,2022,2045,0.037228
0,2022,2044,0.053787
0,2022,2043,0.077582
0,2022,2042,0.111699
0,2022,2041,0.160499
0,2022,2040,0.230118
0,2022,2039,0.329144
0,2022,2038,0.469535
0,2022,2037,0.667836
0,2022,2036,0.946757
0,2022,2035,1.337193
0,2022,2034,1.880705
0,2022,2033,2.632417
0,2022,2032,3.664141
0,2022,2031,5.067189
0,2022,2030,6.953793
0,2022,2029,9.454997
0,2022,2028,12.711116
0,2022,2027,16.847797
0,2022,2026,21.925596
0,2022,2025,27.842465
0,2022,2024,34.154473
0,2022,2023,39.757138
0,2022,2022,42.332384
0,2021,2100,0.0
0,2021,2099,0.0
0,2021,2098,0.0
0,2021,2097,0.0
0,2021,2096,0.0
0,2021,2095,0.0
0,2021,2094,0.0
0,2021,2093,0.0
0,2021,2092,0.0
0,2021,2091,0.0
0,2021,2090,0.0
0,2021,2089,0.0
0,2021,2088,0.0
0,2021,2087,0.0
0,2021,2086,0.0
0,2021,2085,0.0
0,2021,2084,0.0
0,2021,2083,1e-06
0,2021,2082,1e-06
0,2021,2081,1e-06
0,2021,2080,2e-06
0,2021,2079,2e-06
0,2021,2078,3e-06
0,2021,2077,4e-06
0,2021,2076,6e-06
0,2021,2075,8e-06
0,2021,2074,1.2e-05
0,2021,2073,1.6e-05
0,2021,2072,2.2e-05
0,2021,2071,3.1e-05
0,2021,2070,4.2e-05
0,2021,2069,5.9e-05
0,2021,2068,8.1e-05
0,2021,2067,0.000111
0,2021,2066,0.000153
0,2021,2065,0.000211
0,2021,2064,0.000291
0,2021,2063,0.0004
0,2021,2062,0.00055
0,2021,2061,0.000755
0,2021,2060,0.001037
0,2021,2059,0.001424
0,2021,2058,0.001953
0,2021,2057,0.002678
0,2021,2056,0.003668
0,2021,2055,0.005023
0,2021,2054,0.006871
0,2021,2053,0.009393
0,2021,2052,0.012831
0,2021,2051,0.01751
0,2021,2050,0.023874
0,2021,2049,0.03252
0,2021,2048,0.044249
0,2021,2047,0.060141
0,2021,2046,0.081644
0,2021,2045,0.110692
0,2021,2044,0.149866
0,2021,2043,0.202602
0,2021,2042,0.273453
0,2021,2041,0.368432
0,2021,2040,0.495451
0,2021,2039,0.66487
0,2021,2038,0.890172
0,2021,2037,1.188806
0,2021,2036,1.583167
0,2021,2035,2.10175
0,2021,2034,2.780401
0,2021,2033,3.66359
0,2021,2032,4.805504
0,2021,2031,6.270597
0,2021,2030,8.132997
0,2021,2029,10.473725
0,2021,2028,13.374059
0,2021,2027,16.902383
0,2021,2026,21.090285
0,2021,2025,25.891383
0,2021,2024,31.112767
0,2021,2023,36.303593
0,2021,2022,40.577366
0,2021,2021,42.332384
0,2020,2100,0.0
0,2020,2099,0.0
0,2020,2098,0.0
0,2020,2097,0.0
0,2020,2096,0.0
0,2020,2095,0.0
0,2020,2094,0.0
0,2020,2093,1e-06
0,2020,2092,1e-06
0,2020,2091,1e-06
0,2020,2090,1e-06
0,2020,2089,2e-06
0,2020,2088,2e-06
0,2020,2087,3e-06
0,2020,2086,4e-06
0,2020,2085,5e-06
0,2020,2084,7e-06
0,2020,2083,9e-06
0,2020,2082,1.1e-05
0,2020,2081,1.5e-05
0,2020,2080,2e-05
0,2020,2079,2.6e-05
0,2020,2078,3.5e-05
0,2020,2077,4.5e-05
0,2020,2076,6e-05
0,2020,2075,7.9e-05
0,2020,2074,0.000104
0,2020,2073,0.000136
0,2020,2072,0.000179
0,2020,2071,0.000236
0,2020,2070,0.00031
0,2020,2069,0.000407
0,2020,2068,0.000535
0,2020,2067,0.000702
0,2020,2066,0.000922
0,2020,2065,0.001209
0,2020,2064,0.001585
0,2020,2063,0.002077
0,2020,2062,0.002721
0,2020,2061,0.003563
0,2020,2060,0.004663
0,2020,2059,0.006099
0,2020,2058,0.007973
0,2020,2057,0.010416
0,2020,2056,0.0136
0,2020,2055,0.017746
0,2020,2054,0.02314
0,2020,2053,0.030152
0,2020,2052,0.039259
0,2020,2051,0.051075
0,2020,2050,0.066392
0,2020,2049,0.086225
0,2020,2048,0.111874
0,2020,2047,0.145007
0,2020,2046,0.187747
0,2020,2045,0.242804
0,2020,2044,0.313615
0,2020,2043,0.404535
0,2020,2042,0.521064
0,2020,2041,0.670115
0,2020,2040,0.86035
0,2020,2039,1.102565
0,2020,2038,1.410143
0,2020,2037,1.799569
0,2020,2036,2.290997
0,2020,2035,2.90884
0,2020,2034,3.682342
0,2020,2033,4.646052
0,2020,2032,5.840061
0,2020,2031,7.309788
0,2020,2030,9.104991
0,2020,2029,11.277491
0,2020,2028,13.876853
0,2020,2027,16.942913
0,2020,2026,20.493491
0,2020,2025,24.504895
0,2020,2024,28.881742
0,2020,2023,33.411095
0,2020,2022,37.693741
0,2020,2021,41.04241
0,2020,2020,42.332384
0,2019,2100,1e-06
0,2019,2099,1e-06
0,2019,2098,2e-06
0,2019,2097,2e-06
0,2019,2096,3e-06
0,2019,2095,3e-06
0,2019,2094,4e-06
0,2019,2093,6e-06
0,2019,2092,7e-06
0,2019,2091,9e-06
0,2019,2090,1.1e-05
0,2019,2089,1.5e-05
0,2019,2088,1.9e-05
0,2019,2087,2.4e-05
0,2019,2086,3e-05
0,2019,2085,3.8e-05
0,2019,2084,4.9e-05
0,2019,2083,6.2e-05
0,2019,2082,7.9e-05
0,2019,2081,0.0001
0,2019,2080,0.000127
0,2019,2079,0.000162
0,2019,2078,0.000205
0,2019,2077,0.000261
0,2019,2076,0.000331
0,2019,2075,0.00042
0,2019,2074,0.000532
0,2019,2073,0.000675
0,2019,2072,0.000856
0,2019,2071,0.001085
0,2019,2070,0.001374
0,2019,2069,0.001741
0,2019,2068,0.002204
0,2019,2067,0.00279
0,2019,2066,0.00353
0,2019,2065,0.004464
0,2019,2064,0.005644
0,2019,2063,0.007132
0,2019,2062,0.009009
0,2019,2061,0.011374
0,2019,2060,0.014354
0,2019,2059,0.018106
0,2019,2058,0.022826
0,2019,2057,0.028761
0,2019,2056,0.036218
0,2019,2055,0.045582
0,2019,2054,0.057331
0,2019,2053,0.07206
0,2019,2052,0.090511
0,2019,2051,0.113601
0,2019,2050,0.142471
0,2019,2049,0.178531
0,2019,2048,0.223523
0,2019,2047,0.279593
0,2019,2046,0.349385
0,2019,2045,0.436139
0,2019,2044,0.543823
0,2019,2043,0.67728
0,2019,2042,0.842401
0,2019,2041,1.046325
0,2019,2040,1.29767
0,2019,2039,1.606785
0,2019,2038,1.986037
0,2019,2037,2.450104
0,2019,2036,3.016277
0,2019,2035,3.70474
0,2019,2034,4.538798
0,2019,2033,5.544983
0,2019,2032,6.752966
0,2019,2031,8.195149
0,2019,2030,9.905747
0,2019,2029,11.919118
0,2019,2028,14.266962
0,2019,2027,16.973887
0,2019,2026,20.050628
0,2019,2025,23.483926
0,2019,2024,27.221698
0,2019,2023,31.151631
0,2019,2022,35.070615
0,2019,2021,38.64151
0,2019,2020,41.332479
0,2019,2019,42.332384
0,2018,2100,8e-06
0,2018,2099,1e-05
0,2018,2098,1.2e-05
0,2018,2097,1.5e-05
0,2018,2096,1.9e-05
0,2018,2095,2.3e-05
0,2018,2094,2.9e-05
0,2018,2093,3.5e-05
0,2018,2092,4.4e-05
0,2018,2091,5.4e-05
0,2018,2090,6.7e-05
0,2018,2089,8.3e-05
0,2018,2088,0.000102
0,2018,2087,0.000126
0,2018,2086,0.000156
0,2018,2085,0.000193
0,2018,2084,0.000238
0,2018,2083,0.000294
0,2018,2082,0.000363
0,2018,2081,0.000449
0,2018,2080,0.000554
0,2018,2079,0.000683
0,2018,2078,0.000842
0,2018,2077,0.001039
0,2018,2076,0.001281
0,2018,2075,0.001579
0,2018,2074,0.001945
0,2018,2073,0.002396
0,2018,2072,0.002951
0,2018,2071,0.003633
0,2018,2070,0.004471
0,2018,2069,0.005502
0,2018,2068,0.006767
0,2018,2067,0.008321
0,2018,2066,0.010227
0,2018,2065,0.012566
0,2018,2064,0.015434
0,2018,2063,0.018949
0,2018,2062,0.023255
0,2018,2061,0.028527
0,2018,2060,0.034979
0,2018,2059,0.04287
0,2018,2058,0.052516
0,2018,2057,0.0643
0,2018,2056,0.078685
0,2018,2055,0.096235
0,2018,2054,0.117631
0,2018,2053,0.143696
0,2018,2052,0.175422
0,2018,2051,0.214007
0,2018,2050,0.260893
0,2018,2049,0.317809
0,2018,2048,0.386833
0,2018,2047,0.470448
0,2018,2046,0.571623
0,2018,2045,0.693892
0,2018,2044,0.841457
0,2018,2043,1.019295
0,2018,2042,1.233285
0,2018,2041,1.490342
0,2018,2040,1.79857
0,2018,2039,2.167418
0,2018,2038,2.607843
0,2018,2037,3.132468
0,2018,2036,3.75573
0,2018,2035,4.493983
0,2018,2034,5.365549
0,2018,2033,6.390671
0,2018,2032,7.591309
0,2018,2031,8.990722
0,2018,2030,10.612714
0,2018,2029,12.480436
0,2018,2028,14.614528
0,2018,2027,17.030375
0,2018,2026,19.734139
0,2018,2025,22.717111
0,2018,2024,25.947808
0,2018,2023,29.361023
0,2018,2022,32.842791
0,2018,2021,36.209919
0,2018,2020,39.182281
0,2018,2019,41.345533
0,2018,2018,42.101177
0,2017,2100,5.1e-05
0,2017,2099,6.2e-05
0,2017,2098,7.5e-05
0,2017,2097,9e-05
0,2017,2096,0.000109
0,2017,2095,0.000131
0,2017,2094,0.000158
0,2017,2093,0.00019
0,2017,2092,0.000229
0,2017,2091,0.000276
0,2017,2090,0.000332
0,2017,2089,0.0004
0,2017,2088,0.000481
0,2017,2087,0.000579
0,2017,2086,0.000697
0,2017,2085,0.000839
0,2017,2084,0.001009
0,2017,2083,0.001213
0,2017,2082,0.001459
0,2017,2081,0.001754
0,2017,2080,0.002108
0,2017,2079,0.002533
0,2017,2078,0.003043
0,2017,2077,0.003655
0,2017,2076,0.004388
0,2017,2075,0.005268
0,2017,2074,0.006323
0,2017,2073,0.007586
0,2017,2072,0.0091
0,2017,2071,0.010913
0,2017,2070,0.013083
0,2017,2069,0.015681
0,2017,2068,0.018788
0,2017,2067,0.022503
0,2017,2066,0.026944
0,2017,2065,0.032251
0,2017,2064,0.038589
0,2017,2063,0.046156
0,2017,2062,0.055185
0,2017,2061,0.065953
0,2017,2060,0.07879
0,2017,2059,0.094085
0,2017,2058,0.112298
0,2017,2057,0.133972
0,2017,2056,0.159751
0,2017,2055,0.190391
0,2017,2054,0.226785
0,2017,2053,0.269982
0,2017,2052,0.321216
0,2017,2051,0.381931
0,2017,2050,0.453824
0,2017,2049,0.538873
0,2017,2048,0.639393
0,2017,2047,0.758074
0,2017,2046,0.898049
0,2017,2045,1.062943
0,2017,2044,1.256955
0,2017,2043,1.484918
0,2017,2042,1.752391
0,2017,2041,2.065733
0,2017,2040,2.432191
0,2017,2039,2.859985
0,2017,2038,3.358383
0,2017,2037,3.937764
0,2017,2036,4.609665
0,2017,2035,5.386782
0,2017,2034,6.282925
0,2017,2033,7.3129
0,2017,2032,8.492273
0,2017,2031,9.836995
0,2017,2030,11.362819
0,2017,2029,13.084444
0,2017,2028,15.014294
0,2017,2027,17.160807
0,2017,2026,19.526089
0,2017,2025,22.102726
0,2017,2024,24.869501
0,2017,2023,27.785691
0,2017,2022,30.78352
0,2017,2021,33.758251
0,2017,2020,36.555213
0,2017,2019,38.952929
0,2017,2018,40.641233
0,2017,2017,41.193001
0,2016,2100,0.000153
0,2016,2099,0.000182
0,2016,2098,0.000216
0,2016,2097,0.000256
0,2016,2096,0.000304
0,2016,2095,0.00036
0,2016,2094,0.000427
0,2016,2093,0.000507
0,2016,2092,0.000601
0,2016,2091,0.000713
0,2016,2090,0.000845
0,2016,2089,0.001001
0,2016,2088,0.001187
0,2016,2087,0.001406
0,2016,2086,0.001665
0,2016,2085,0.001972
0,2016,2084,0.002336
0,2016,2083,0.002765
0,2016,2082,0.003274
0,2016,2081,0.003874
0,2016,2080,0.004584
0,2016,2079,0.005423
0,2016,2078,0.006414
0,2016,2077,0.007585
0,2016,2076,0.008967
0,2016,2075,0.010599
0,2016,2074,0.012524
0,2016,2073,0.014796
0,2016,2072,0.017475
0,2016,2071,0.020633
0,2016,2070,0.024356
0,2016,2069,0.028742
0,2016,2068,0.033908
0,2016,2067,0.03999
0,2016,2066,0.047149
0,2016,2065,0.05557
0,2016,2064,0.065474
0,2016,2063,0.077115
0,2016,2062,0.090792
0,2016,2061,0.106855
0,2016,2060,0.125709
0,2016,2059,0.147829
0,2016,2058,0.173766
0,2016,2057,0.204163
0,2016,2056,0.239765
0,2016,2055,0.281437
0,2016,2054,0.330182
0,2016,2053,0.387163
0,2016,2052,0.453722
0,2016,2051,0.53141
0,2016,2050,0.622015
0,2016,2049,0.727594
0,2016,2048,0.850511
0,2016,2047,0.993474
0,2016,2046,1.159583
0,2016,2045,1.352372
0,2016,2044,1.575865
0,2016,2043,1.834626
0,2016,2042,2.133817
0,2016,2041,2.479249
0,2016,2040,2.877442
0,2016,2039,3.335672
0,2016,2038,3.862012
0,2016,2037,4.465357
0,2016,2036,5.155438
0,2016,2035,5.94279
0,2016,2034,6.838688
0,2016,2033,7.855021
0,2016,2032,9.004085
0,2016,2031,10.298268
0,2016,2030,11.749594
0,2016,2029,13.369078
0,2016,2028,15.165843
0,2016,2027,17.145915
0,2016,2026,19.310619
0,2016,2025,21.654452
0,2016,2024,24.162294
0,2016,2023,26.805773
0,2016,2022,29.538568
0,2016,2021,32.290348
0,2016,2020,34.959011
0,2016,2019,37.400784
0,2016,2018,39.417612
0,2016,2017,40.741187
0,2016,2016,41.012741
0,2015,2100,0.000291
0,2015,2099,0.000342
0,2015,2098,0.000402
0,2015,2097,0.000472
0,2015,2096,0.000555
0,2015,2095,0.000652
0,2015,2094,0.000766
0,2015,2093,0.0009
0,2015,2092,0.001057
0,2015,2091,0.001242
0,2015,2090,0.001458
0,2015,2089,0.001712
0,2015,2088,0.00201
0,2015,2087,0.002359
0,2015,2086,0.002768
0,2015,2085,0.003248
0,2015,2084,0.00381
0,2015,2083,0.004469
0,2015,2082,0.005241
0,2015,2081,0.006145
0,2015,2080,0.007203
0,2015,2079,0.008442
0,2015,2078,0.009892
0,2015,2077,0.011589
0,2015,2076,0.013573
0,2015,2075,0.015894
0,2015,2074,0.018607
0,2015,2073,0.021777
0,2015,2072,0.025482
0,2015,2071,0.029809
0,2015,2070,0.034862
0,2015,2069,0.040761
0,2015,2068,0.047643
0,2015,2067,0.055671
0,2015,2066,0.065033
0,2015,2065,0.075944
0,2015,2064,0.088657
0,2015,2063,0.103463
0,2015,2062,0.1207
0,2015,2061,0.140756
0,2015,2060,0.164083
0,2015,2059,0.1912
0,2015,2058,0.222706
0,2015,2057,0.259293
0,2015,2056,0.301755
0,2015,2055,0.351007
0,2015,2054,0.408099
0,2015,2053,0.474235
0,2015,2052,0.550795
0,2015,2051,0.639356
0,2015,2050,0.741721
0,2015,2049,0.859945
0,2015,2048,0.996367
0,2015,2047,1.153643
0,2015,2046,1.334784
0,2015,2045,1.543193
0,2015,2044,1.782709
0,2015,2043,2.057647
0,2015,2042,2.372843
0,2015,2041,2.733696
0,2015,2040,3.146205
0,2015,2039,3.617013
0,2015,2038,4.153422
0,2015,2037,4.763416
0,2015,2036,5.455657
0,2015,2035,6.239448
0,2015,2034,7.124675
0,2015,2033,8.121692
0,2015,2032,9.241143
0,2015,2031,10.493708
0,2015,2030,11.88973
0,2015,2029,13.438708
0,2015,2028,15.148612
0,2015,2027,17.024967
0,2015,2026,19.06964
0,2015,2025,21.279262
0,2015,2024,23.643188
0,2015,2023,26.14086
0,2015,2022,28.738452
0,2015,2021,31.384581
0,2015,2020,34.004884
0,2015,2019,36.495174
0,2015,2018,38.712817
0,2015,2017,40.465933
0,2015,2016,41.499874
0,2015,2015,41.48036
0,2014,2100,0.00062
0,2014,2099,0.000721
0,2014,2098,0.000839
0,2014,2097,0.000975
0,2014,2096,0.001134
0,2014,2095,0.001318
0,2014,2094,0.001531
0,2014,2093,0.001779
0,2014,2092,0.002067
0,2014,2091,0.002401
0,2014,2090,0.002789
0,2014,2089,0.003239
0,2014,2088,0.003761
0,2014,2087,0.004367
0,2014,2086,0.005069
0,2014,2085,0.005883
0,2014,2084,0.006826
0,2014,2083,0.00792
0,2014,2082,0.009187
0,2014,2081,0.010654
0,2014,2080,0.012354
0,2014,2079,0.014322
0,2014,2078,0.016601
0,2014,2077,0.019237
0,2014,2076,0.022288
0,2014,2075,0.025817
0,2014,2074,0.029898
0,2014,2073,0.034616
0,2014,2072,0.040069
0,2014,2071,0.046369
0,2014,2070,0.053646
0,2014,2069,0.062049
0,2014,2068,0.071748
0,2014,2067,0.08294
0,2014,2066,0.09585
0,2014,2065,0.110736
0,2014,2064,0.127893
0,2014,2063,0.14766
0,2014,2062,0.170426
0,2014,2061,0.196632
0,2014,2060,0.226786
0,2014,2059,0.261465
0,2014,2058,0.301328
0,2014,2057,0.347127
0,2014,2056,0.399717
0,2014,2055,0.460071
0,2014,2054,0.529291
0,2014,2053,0.608632
0,2014,2052,0.699511
0,2014,2051,0.803535
0,2014,2050,0.922516
0,2014,2049,1.058498
0,2014,2048,1.213784
0,2014,2047,1.390955
0,2014,2046,1.592911
0,2014,2045,1.822889
0,2014,2044,2.0845
0,2014,2043,2.381761
0,2014,2042,2.719121
0,2014,2041,3.101493
0,2014,2040,3.534278
0,2014,2039,4.023384
0,2014,2038,4.575241
0,2014,2037,5.196796
0,2014,2036,5.895503
0,2014,2035,6.67928
0,2014,2034,7.556447
0,2014,2033,8.53562
0,2014,2032,9.625559
0,2014,2031,10.834951
0,2014,2030,12.172117
0,2014,2029,13.64461
0,2014,2028,15.258693
0,2014,2027,17.018649
0,2014,2026,18.925893
0,2014,2025,20.977829
0,2014,2024,23.166403
0,2014,2023,25.476254
0,2014,2022,27.882403
0,2014,2021,30.347345
0,2014,2020,32.817414
0,2014,2019,35.218263
0,2014,2018,37.44925
0,2014,2017,39.376497
0,2014,2016,40.824308
0,2014,2015,41.564609
0,2014,2014,41.303966
0,2013,2100,0.001553
0,2013,2099,0.001783
0,2013,2098,0.002046
0,2013,2097,0.002348
0,2013,2096,0.002693
0,2013,2095,0.00309
0,2013,2094,0.003544
0,2013,2093,0.004065
0,2013,2092,0.004661
0,2013,2091,0.005344
0,2013,2090,0.006127
0,2013,2089,0.007022
0,2013,2088,0.008048
0,2013,2087,0.009222
0,2013,2086,0.010566
0,2013,2085,0.012104
0,2013,2084,0.013863
0,2013,2083,0.015875
0,2013,2082,0.018176
0,2013,2081,0.020806
0,2013,2080,0.023813
0,2013,2079,0.02725
0,2013,2078,0.031176
0,2013,2077,0.035662
0,2013,2076,0.040784
0,2013,2075,0.046631
0,2013,2074,0.053306
0,2013,2073,0.060923
0,2013,2072,0.069611
0,2013,2071,0.079521
0,2013,2070,0.090818
0,2013,2069,0.103694
0,2013,2068,0.118365
0,2013,2067,0.135075
0,2013,2066,0.1541
0,2013,2065,0.175755
0,2013,2064,0.200394
0,2013,2063,0.228415
0,2013,2062,0.260272
0,2013,2061,0.296472
0,2013,2060,0.337592
0,2013,2059,0.384277
0,2013,2058,0.437256
0,2013,2057,0.497347
0,2013,2056,0.565468
0,2013,2055,0.64265
0,2013,2054,0.730049
0,2013,2053,0.828956
0,2013,2052,0.940816
0,2013,2051,1.06724
0,2013,2050,1.210024
0,2013,2049,1.371164
0,2013,2048,1.552877
0,2013,2047,1.757619
0,2013,2046,1.988105
0,2013,2045,2.247327
0,2013,2044,2.538577
0,2013,2043,2.865464
0,2013,2042,3.231929
0,2013,2041,3.642266
0,2013,2040,4.101122
0,2013,2039,4.613513
0,2013,2038,5.184814
0,2013,2037,5.820746
0,2013,2036,6.527356
0,2013,2035,7.310965
0,2013,2034,8.178107
0,2013,2033,9.135432
0,2013,2032,10.189579
0,2013,2031,11.346996
0,2013,2030,12.613712
0,2013,2029,13.995039
0,2013,2028,15.495184
0,2013,2027,17.116757
0,2013,2026,18.860157
0,2013,2025,20.722793
0,2013,2024,22.698115
0,2013,2023,24.774413
0,2013,2022,26.93333
0,2013,2021,29.148036
0,2013,2020,31.38098
0,2013,2019,33.581144
0,2013,2018,35.680696
0,2013,2017,37.590905
0,2013,2016,39.197187
0,2013,2015,40.353102
0,2013,2014,40.873083
0,2013,2013,40.523658
0,2012,2100,0.002985
0,2012,2099,0.003394
0,2012,2098,0.003858
0,2012,2097,0.004386
0,2012,2096,0.004984
0,2012,2095,0.005664
0,2012,2094,0.006436
0,2012,2093,0.007311
0,2012,2092,0.008305
0,2012,2091,0.009433
0,2012,2090,0.010712
0,2012,2089,0.012163
0,2012,2088,0.013809
0,2012,2087,0.015675
0,2012,2086,0.01779
0,2012,2085,0.020188
0,2012,2084,0.022905
0,2012,2083,0.025984
0,2012,2082,0.029472
0,2012,2081,0.033422
0,2012,2080,0.037895
0,2012,2079,0.042958
0,2012,2078,0.048689
0,2012,2077,0.055174
0,2012,2076,0.06251
0,2012,2075,0.070808
0,2012,2074,0.08019
0,2012,2073,0.090796
0,2012,2072,0.102782
0,2012,2071,0.116323
0,2012,2070,0.131617
0,2012,2069,0.148887
0,2012,2068,0.168379
0,2012,2067,0.190375
0,2012,2066,0.215187
0,2012,2065,0.243165
0,2012,2064,0.274702
0,2012,2063,0.310237
0,2012,2062,0.350263
0,2012,2061,0.395327
0,2012,2060,0.446042
0,2012,2059,0.503092
0,2012,2058,0.567239
0,2012,2057,0.639329
0,2012,2056,0.720306
0,2012,2055,0.811218
0,2012,2054,0.913226
0,2012,2053,1.027618
0,2012,2052,1.155819
0,2012,2051,1.299405
0,2012,2050,1.460113
0,2012,2049,1.639856
0,2012,2048,1.840738
0,2012,2047,2.065067
0,2012,2046,2.315368
0,2012,2045,2.5944
0,2012,2044,2.905165
0,2012,2043,3.250923
0,2012,2042,3.635199
0,2012,2041,4.061793
0,2012,2040,4.534782
0,2012,2039,5.058516
0,2012,2038,5.637612
0,2012,2037,6.276935
0,2012,2036,6.98157
0,2012,2035,7.756782
0,2012,2034,8.607948
0,2012,2033,9.540486
0,2012,2032,10.559737
0,2012,2031,11.670825
0,2012,2030,12.878478
0,2012,2029,14.186788
0,2012,2028,15.598923
0,2012,2027,17.116755
0,2012,2026,18.740409
0,2012,2025,20.467695
0,2012,2024,22.293418
0,2012,2023,24.208529
0,2012,2022,26.199092
0,2012,2021,28.245026
0,2012,2020,30.318586
0,2012,2019,32.382521
0,2012,2018,34.387855
0,2012,2017,36.271224
0,2012,2016,37.951665
0,2012,2015,39.326786
0,2012,2014,40.26817
0,2012,2013,40.61589
0,2012,2012,40.17197
0,2011,2100,0.00687
0,2011,2099,0.007718
0,2011,2098,0.00867
0,2011,2097,0.009738
0,2011,2096,0.010936
0,2011,2095,0.01228
0,2011,2094,0.013787
0,2011,2093,0.015478
0,2011,2092,0.017374
0,2011,2091,0.019499
0,2011,2090,0.021882
0,2011,2089,0.024552
0,2011,2088,0.027545
0,2011,2087,0.030897
0,2011,2086,0.034653
0,2011,2085,0.03886
0,2011,2084,0.04357
0,2011,2083,0.048844
0,2011,2082,0.054747
0,2011,2081,0.061354
0,2011,2080,0.068746
0,2011,2079,0.077015
0,2011,2078,0.086264
0,2011,2077,0.096606
0,2011,2076,0.108167
0,2011,2075,0.121088
0,2011,2074,0.135526
0,2011,2073,0.151654
0,2011,2072,0.169665
0,2011,2071,0.189775
0,2011,2070,0.21222
0,2011,2069,0.237265
0,2011,2068,0.265203
0,2011,2067,0.296358
0,2011,2066,0.331089
0,2011,2065,0.369793
0,2011,2064,0.41291
0,2011,2063,0.460926
0,2011,2062,0.514377
0,2011,2061,0.573854
0,2011,2060,0.64001
0,2011,2059,0.713564
0,2011,2058,0.795307
0,2011,2057,0.886107
0,2011,2056,0.986921
0,2011,2055,1.098795
0,2011,2054,1.222877
0,2011,2053,1.360423
0,2011,2052,1.512805
0,2011,2051,1.68152
0,2011,2050,1.868198
0,2011,2049,2.074612
0,2011,2048,2.302686
0,2011,2047,2.554503
0,2011,2046,2.832312
0,2011,2045,3.138539
0,2011,2044,3.475789
0,2011,2043,3.84685
0,2011,2042,4.2547
0,2011,2041,4.702501
0,2011,2040,5.1936
0,2011,2039,5.731518
0,2011,2038,6.319933
0,2011,2037,6.962666
0,2011,2036,7.663645
0,2011,2035,8.426868
0,2011,2034,9.256349
0,2011,2033,10.156047
0,2011,2032,11.129783
0,2011,2031,12.181124
0,2011,2030,13.313249
0,2011,2029,14.528777
0,2011,2028,15.829557
0,2011,2027,17.216414
0,2011,2026,18.688833
0,2011,2025,20.244588
0,2011,2024,21.879284
0,2011,2023,23.585812
0,2011,2022,25.353697
0,2011,2021,27.168314
0,2011,2020,29.009961
0,2011,2019,30.852749
0,2011,2018,32.663294
0,2011,2017,34.399157
0,2011,2016,36.007008
0,2011,2015,37.420458
0,2011,2014,38.5575
0,2011,2013,39.317498
0,2011,2012,39.577649
0,2011,2011,39.188828
0,2010,2100,0.013162
0,2010,2099,0.014649
0,2010,2098,0.016302
0,2010,2097,0.018139
0,2010,2096,0.020181
0,2010,2095,0.022451
0,2010,2094,0.024973
0,2010,2093,0.027774
0,2010,2092,0.030887
0,2010,2091,0.034343
0,2010,2090,0.038182
0,2010,2089,0.042444
0,2010,2088,0.047176
0,2010,2087,0.052428
0,2010,2086,0.058257
0,2010,2085,0.064724
0,2010,2084,0.071898
0,2010,2083,0.079856
0,2010,2082,0.088681
0,2010,2081,0.098465
0,2010,2080,0.109311
0,2010,2079,0.121331
0,2010,2078,0.13465
0,2010,2077,0.149404
0,2010,2076,0.165746
0,2010,2075,0.18384
0,2010,2074,0.203871
0,2010,2073,0.22604
0,2010,2072,0.25057
0,2010,2071,0.277703
0,2010,2070,0.307708
0,2010,2069,0.34088
0,2010,2068,0.377542
0,2010,2067,0.41805
0,2010,2066,0.462791
0,2010,2065,0.512194
0,2010,2064,0.566724
0,2010,2063,0.626892
0,2010,2062,0.693259
0,2010,2061,0.766433
0,2010,2060,0.847082
0,2010,2059,0.935932
0,2010,2058,1.033775
0,2010,2057,1.141475
0,2010,2056,1.259967
0,2010,2055,1.39027
0,2010,2054,1.533489
0,2010,2053,1.69082
0,2010,2052,1.863555
0,2010,2051,2.053093
0,2010,2050,2.26094
0,2010,2049,2.488717
0,2010,2048,2.738164
0,2010,2047,3.011147
0,2010,2046,3.30966
0,2010,2045,3.635828
0,2010,2044,3.991909
0,2010,2043,4.380297
0,2010,2042,4.803517
0,2010,2041,5.264221
0,2010,2040,5.765182
0,2010,2039,6.309284
0,2010,2038,6.899504
0,2010,2037,7.538889
0,2010,2036,8.230534
0,2010,2035,8.977541
0,2010,2034,9.782973
0,2010,2033,10.649799
0,2010,2032,11.580821
0,2010,2031,12.578588
0,2010,2030,13.645286
0,2010,2029,14.782614
0,2010,2028,15.991623
0,2010,2027,17.272532
0,2010,2026,18.624504
0,2010,2025,20.045376
0,2010,2024,21.531348
0,2010,2023,23.076604
0,2010,2022,24.672871
0,2010,2021,26.308898
0,2010,2020,27.969839
0,2010,2019,29.636536
0,2010,2018,31.284676
0,2010,2017,32.8838
0,2010,2016,34.396153
0,2010,2015,35.775337
0,2010,2014,36.964747
0,2010,2013,37.895748
0,2010,2012,38.485552
0,2010,2011,38.634765
0,2010,2010,38.224529
0,2009,2100,0.02442
0,2009,2099,0.026938
0,2009,2098,0.029712
0,2009,2097,0.032769
0,2009,2096,0.036135
0,2009,2095,0.039844
0,2009,2094,0.043928
0,2009,2093,0.048425
0,2009,2092,0.053376
0,2009,2091,0.058826
0,2009,2090,0.064825
0,2009,2089,0.071426
0,2009,2088,0.078689
0,2009,2087,0.086679
0,2009,2086,0.095468
0,2009,2085,0.105133
0,2009,2084,0.115761
0,2009,2083,0.127444
0,2009,2082,0.140285
0,2009,2081,0.154396
0,2009,2080,0.169901
0,2009,2079,0.186932
0,2009,2078,0.205636
0,2009,2077,0.226174
0,2009,2076,0.24872
0,2009,2075,0.273465
0,2009,2074,0.300616
0,2009,2073,0.330401
0,2009,2072,0.363066
0,2009,2071,0.398882
0,2009,2070,0.438141
0,2009,2069,0.481162
0,2009,2068,0.528294
0,2009,2067,0.579912
0,2009,2066,0.636427
0,2009,2065,0.698283
0,2009,2064,0.765964
0,2009,2063,0.839992
0,2009,2062,0.920935
0,2009,2061,1.009404
0,2009,2060,1.106064
0,2009,2059,1.21163
0,2009,2058,1.326876
0,2009,2057,1.452634
0,2009,2056,1.589802
0,2009,2055,1.739344
0,2009,2054,1.902297
0,2009,2053,2.079773
0,2009,2052,2.272962
0,2009,2051,2.483136
0,2009,2050,2.711654
0,2009,2049,2.959962
0,2009,2048,3.229599
0,2009,2047,3.522194
0,2009,2046,3.839473
0,2009,2045,4.183255
0,2009,2044,4.55545
0,2009,2043,4.958063
0,2009,2042,5.393182
0,2009,2041,5.862975
0,2009,2040,6.369684
0,2009,2039,6.915607
0,2009,2038,7.503085
0,2009,2037,8.134484
0,2009,2036,8.812165
0,2009,2035,9.538455
0,2009,2034,10.315609
0,2009,2033,11.145761
0,2009,2032,12.03087
0,2009,2031,12.972646
0,2009,2030,13.972473
0,2009,2029,15.031313
0,2009,2028,16.149584
0,2009,2027,17.327032
0,2009,2026,18.562565
0,2009,2025,19.854066
0,2009,2024,21.198178
0,2009,2023,22.590041
0,2009,2022,24.022996
0,2009,2021,25.488236
0,2009,2020,26.974401
0,2009,2019,28.467113
0,2009,2018,29.948429
0,2009,2017,31.396216
0,2009,2016,32.78343
0,2009,2015,34.077276
0,2009,2014,35.238253
0,2009,2013,36.219043
0,2009,2012,36.963244
0,2009,2011,37.40391
0,2009,2010,37.461875
0,2009,2009,37.043836
0,2008,2100,0.031669
0,2008,2099,0.034798
0,2008,2098,0.038232
0,2008,2097,0.042
0,2008,2096,0.046136
0,2008,2095,0.050672
0,2008,2094,0.055649
0,2008,2093,0.061108
0,2008,2092,0.067094
0,2008,2091,0.073658
0,2008,2090,0.080855
0,2008,2089,0.088743
0,2008,2088,0.097389
0,2008,2087,0.106863
0,2008,2086,0.117244
0,2008,2085,0.128615
0,2008,2084,0.14107
0,2008,2083,0.154709
0,2008,2082,0.169642
0,2008,2081,0.185988
0,2008,2080,0.203878
0,2008,2079,0.223455
0,2008,2078,0.244871
0,2008,2077,0.268296
0,2008,2076,0.293913
0,2008,2075,0.321919
0,2008,2074,0.352531
0,2008,2073,0.385983
0,2008,2072,0.42253
0,2008,2071,0.462448
0,2008,2070,0.506036
0,2008,2069,0.55362
0,2008,2068,0.60555
0,2008,2067,0.662208
0,2008,2066,0.724006
0,2008,2065,0.791388
0,2008,2064,0.864836
0,2008,2063,0.944869
0,2008,2062,1.032047
0,2008,2061,1.126975
0,2008,2060,1.230303
0,2008,2059,1.34273
0,2008,2058,1.465008
0,2008,2057,1.597945
0,2008,2056,1.742406
0,2008,2055,1.89932
0,2008,2054,2.069677
0,2008,2053,2.254539
0,2008,2052,2.455035
0,2008,2051,2.672368
0,2008,2050,2.907818
0,2008,2049,3.162742
0,2008,2048,3.438576
0,2008,2047,3.736838
0,2008,2046,4.059124
0,2008,2045,4.407114
0,2008,2044,4.782564
0,2008,2043,5.187306
0,2008,2042,5.623245
0,2008,2041,6.092347
0,2008,2040,6.596638
0,2008,2039,7.138185
0,2008,2038,7.719086
0,2008,2037,8.341449
0,2008,2036,9.007373
0,2008,2035,9.718913
0,2008,2034,10.478053
0,2008,2033,11.286661
0,2008,2032,12.146439
0,2008,2031,13.058869
0,2008,2030,14.025137
0,2008,2029,15.046056
0,2008,2028,16.121967
0,2008,2027,17.252625
0,2008,2026,18.437067
0,2008,2025,19.673458
0,2008,2024,20.958908
0,2008,2023,22.289266
0,2008,2022,23.658875
0,2008,2021,25.060291
0,2008,2020,26.483963
0,2008,2019,27.917852
0,2008,2018,29.347006
0,2008,2017,30.753063
0,2008,2016,32.11368
0,2008,2015,33.401884
0,2008,2014,34.58532
0,2008,2013,35.625397
0,2008,2012,36.476304
0,2008,2011,37.083893
0,2008,2010,37.384401
0,2008,2009,37.302983
0,2008,2008,36.752056
0,2007,2100,0.043626
0,2007,2099,0.047714
0,2007,2098,0.052181
0,2007,2097,0.057059
0,2007,2096,0.062387
0,2007,2095,0.068205
0,2007,2094,0.074557
0,2007,2093,0.081492
0,2007,2092,0.089063
0,2007,2091,0.097325
0,2007,2090,0.106341
0,2007,2089,0.116178
0,2007,2088,0.126909
0,2007,2087,0.138614
0,2007,2086,0.15138
0,2007,2085,0.165298
0,2007,2084,0.180472
0,2007,2083,0.197012
0,2007,2082,0.215037
0,2007,2081,0.234677
0,2007,2080,0.256073
0,2007,2079,0.279377
0,2007,2078,0.304753
0,2007,2077,0.332381
0,2007,2076,0.362455
0,2007,2075,0.395182
0,2007,2074,0.43079
0,2007,2073,0.469522
0,2007,2072,0.511643
0,2007,2071,0.557438
0,2007,2070,0.607215
0,2007,2069,0.661304
0,2007,2068,0.720065
0,2007,2067,0.783881
0,2007,2066,0.853168
0,2007,2065,0.928373
0,2007,2064,1.009973
0,2007,2063,1.098485
0,2007,2062,1.194462
0,2007,2061,1.298496
0,2007,2060,1.411223
0,2007,2059,1.533323
0,2007,2058,1.665522
0,2007,2057,1.808598
0,2007,2056,1.96338
0,2007,2055,2.130749
0,2007,2054,2.311646
0,2007,2053,2.50707
0,2007,2052,2.718078
0,2007,2051,2.945793
0,2007,2050,3.191401
0,2007,2049,3.456152
0,2007,2048,3.741364
0,2007,2047,4.048419
0,2007,2046,4.378766
0,2007,2045,4.733916
0,2007,2044,5.115442
0,2007,2043,5.524977
0,2007,2042,5.964202
0,2007,2041,6.434849
0,2007,2040,6.938681
0,2007,2039,7.477492
0,2007,2038,8.053082
0,2007,2037,8.667251
0,2007,2036,9.321767
0,2007,2035,10.018349
0,2007,2034,10.758633
0,2007,2033,11.544137
0,2007,2032,12.376218
0,2007,2031,13.256021
0,2007,2030,14.184421
0,2007,2029,15.161953
0,2007,2028,16.188733
0,2007,2027,17.264362
0,2007,2026,18.387818
0,2007,2025,19.557332
0,2007,2024,20.770236
0,2007,2023,22.022806
0,2007,2022,23.310057
0,2007,2021,24.625529
0,2007,2020,25.961031
0,2007,2019,27.306345
0,2007,2018,28.648899
0,2007,2017,29.973379
0,2007,2016,31.261295
0,2007,2015,32.490489
0,2007,2014,33.634562
0,2007,2013,34.662233
0,2007,2012,35.536607
0,2007,2011,36.214339
0,2007,2010,36.644693
0,2007,2009,36.768466
0,2007,2008,36.516772
0,2007,2007,35.809665
0,2006,2100,0.048735
0,2006,2099,0.053207
0,2006,2098,0.058084
0,2006,2097,0.063401
0,2006,2096,0.069198
0,2006,2095,0.075517
0,2006,2094,0.082405
0,2006,2093,0.08991
0,2006,2092,0.098088
0,2006,2091,0.106998
0,2006,2090,0.116704
0,2006,2089,0.127275
0,2006,2088,0.138786
0,2006,2087,0.15132
0,2006,2086,0.164965
0,2006,2085,0.179817
0,2006,2084,0.195979
0,2006,2083,0.213565
0,2006,2082,0.232697
0,2006,2081,0.253507
0,2006,2080,0.276137
0,2006,2079,0.300742
0,2006,2078,0.327489
0,2006,2077,0.356559
0,2006,2076,0.388146
0,2006,2075,0.422461
0,2006,2074,0.459732
0,2006,2073,0.500203
0,2006,2072,0.54414
0,2006,2071,0.591827
0,2006,2070,0.643571
0,2006,2069,0.699702
0,2006,2068,0.760577
0,2006,2067,0.826577
0,2006,2066,0.898114
0,2006,2065,0.975628
0,2006,2064,1.059594
0,2006,2063,1.15052
0,2006,2062,1.248948
0,2006,2061,1.355463
0,2006,2060,1.470686
0,2006,2059,1.595284
0,2006,2058,1.729968
0,2006,2057,1.875494
0,2006,2056,2.032671
0,2006,2055,2.202357
0,2006,2054,2.385464
0,2006,2053,2.58296
0,2006,2052,2.79587
0,2006,2051,3.025278
0,2006,2050,3.272327
0,2006,2049,3.538223
0,2006,2048,3.824232
0,2006,2047,4.131682
0,2006,2046,4.461962
0,2006,2045,4.81652
0,2006,2044,5.196861
0,2006,2043,5.604543
0,2006,2042,6.041172
0,2006,2041,6.508396
0,2006,2040,7.007897
0,2006,2039,7.54138
0,2006,2038,8.110558
0,2006,2037,8.717141
0,2006,2036,9.362811
0,2006,2035,10.049203
0,2006,2034,10.777877
0,2006,2033,11.550282
0,2006,2032,12.36772
0,2006,2031,13.2313
0,2006,2030,14.141886
0,2006,2029,15.100031
0,2006,2028,16.105907
0,2006,2027,17.159221
0,2006,2026,18.259118
0,2006,2025,19.404068
0,2006,2024,20.591735
0,2006,2023,21.818829
0,2006,2022,23.080939
0,2006,2021,24.372328
0,2006,2020,25.685717
0,2006,2019,27.012024
0,2006,2018,28.340071
0,2006,2017,29.65625
0,2006,2016,30.944142
0,2006,2015,32.184083
0,2006,2014,33.352673
0,2006,2013,34.422212
0,2006,2012,35.36007
0,2006,2011,36.12796
0,2006,2010,36.681127
0,2006,2009,36.967418
0,2006,2008,36.92624
0,2006,2007,36.487374
0,2006,2006,35.569639
0,2005,2100,0.078347
0,2005,2099,0.084953
0,2005,2098,0.092107
0,2005,2097,0.099853
0,2005,2096,0.108241
0,2005,2095,0.117321
0,2005,2094,0.127149
0,2005,2093,0.137786
0,2005,2092,0.149297
0,2005,2091,0.161751
0,2005,2090,0.175225
0,2005,2089,0.1898
0,2005,2088,0.205562
0,2005,2087,0.222607
0,2005,2086,0.241035
0,2005,2085,0.260957
0,2005,2084,0.282488
0,2005,2083,0.305756
0,2005,2082,0.330896
0,2005,2081,0.358053
0,2005,2080,0.387385
0,2005,2079,0.419059
0,2005,2078,0.453256
0,2005,2077,0.490169
0,2005,2076,0.530006
0,2005,2075,0.57299
0,2005,2074,0.619358
0,2005,2073,0.669366
0,2005,2072,0.723287
0,2005,2071,0.781414
0,2005,2070,0.844059
0,2005,2069,0.911556
0,2005,2068,0.984262
0,2005,2067,1.062558
0,2005,2066,1.146849
0,2005,2065,1.237569
0,2005,2064,1.335178
0,2005,2063,1.440166
0,2005,2062,1.553056
0,2005,2061,1.674402
0,2005,2060,1.804791
0,2005,2059,1.944847
0,2005,2058,2.095231
0,2005,2057,2.25664
0,2005,2056,2.429814
0,2005,2055,2.615531
0,2005,2054,2.814613
0,2005,2053,3.027923
0,2005,2052,3.256369
0,2005,2051,3.500902
0,2005,2050,3.762517
0,2005,2049,4.042255
0,2005,2048,4.341199
0,2005,2047,4.660475
0,2005,2046,5.001249
0,2005,2045,5.364725
0,2005,2044,5.752143
0,2005,2043,6.164773
0,2005,2042,6.603911
0,2005,2041,7.070872
0,2005,2040,7.566981
0,2005,2039,8.093564
0,2005,2038,8.651936
0,2005,2037,9.243388
0,2005,2036,9.869169
0,2005,2035,10.530467
0,2005,2034,11.228386
0,2005,2033,11.963921
0,2005,2032,12.737924
0,2005,2031,13.551072
0,2005,2030,14.40382
0,2005,2029,15.296362
0,2005,2028,16.228568
0,2005,2027,17.199927
0,2005,2026,18.209472
0,2005,2025,19.255701
0,2005,2024,20.336482
0,2005,2023,21.448948
0,2005,2022,22.589377
0,2005,2021,23.753054
0,2005,2020,24.934117
0,2005,2019,26.125382
0,2005,2018,27.318145
0,2005,2017,28.501957
0,2005,2016,29.664372
0,2005,2015,30.790663
0,2005,2014,31.863497
0,2005,2013,32.862581
0,2005,2012,33.764246
0,2005,2011,34.540997
0,2005,2010,35.160996
0,2005,2009,35.587487
0,2005,2008,35.778149
0,2005,2007,35.684369
0,2005,2006,35.25043
0,2005,2005,34.412602
0,2004,2100,0.099975
0,2004,2099,0.10801
0,2004,2098,0.116678
0,2004,2097,0.126031
0,2004,2096,0.13612
0,2004,2095,0.147002
0,2004,2094,0.158739
0,2004,2093,0.171394
0,2004,2092,0.185039
0,2004,2091,0.199748
0,2004,2090,0.215604
0,2004,2089,0.232691
0,2004,2088,0.251105
0,2004,2087,0.270943
0,2004,2086,0.292314
0,2004,2085,0.315332
0,2004,2084,0.34012
0,2004,2083,0.366809
0,2004,2082,0.395541
0,2004,2081,0.426467
0,2004,2080,0.459747
0,2004,2079,0.495555
0,2004,2078,0.534075
0,2004,2077,0.575505
0,2004,2076,0.620055
0,2004,2075,0.66795
0,2004,2074,0.71943
0,2004,2073,0.774752
0,2004,2072,0.834189
0,2004,2071,0.898033
0,2004,2070,0.966592
0,2004,2069,1.040197
0,2004,2068,1.1192
0,2004,2067,1.203973
0,2004,2066,1.294913
0,2004,2065,1.392441
0,2004,2064,1.497004
0,2004,2063,1.609076
0,2004,2062,1.729156
0,2004,2061,1.857776
0,2004,2060,1.995497
0,2004,2059,2.142911
0,2004,2058,2.300643
0,2004,2057,2.46935
0,2004,2056,2.649726
0,2004,2055,2.842498
0,2004,2054,3.048431
0,2004,2053,3.268325
0,2004,2052,3.503018
0,2004,2051,3.753383
0,2004,2050,4.020332
0,2004,2049,4.304813
0,2004,2048,4.607807
0,2004,2047,4.930332
0,2004,2046,5.273436
0,2004,2045,5.638197
0,2004,2044,6.025719
0,2004,2043,6.437128
0,2004,2042,6.873566
0,2004,2041,7.336187
0,2004,2040,7.826147
0,2004,2039,8.344595
0,2004,2038,8.892667
0,2004,2037,9.471467
0,2004,2036,10.082055
0,2004,2035,10.725433
0,2004,2034,11.40252
0,2004,2033,12.114134
0,2004,2032,12.860961
0,2004,2031,13.643528
0,2004,2030,14.462168
0,2004,2029,15.31698
0,2004,2028,16.207782
0,2004,2027,17.134061
0,2004,2026,18.094915
0,2004,2025,19.088984
0,2004,2024,20.114379
0,2004,2023,21.16859
0,2004,2022,22.248396
0,2004,2021,23.349752
0,2004,2020,24.467666
0,2004,2019,25.596065
0,2004,2018,26.727634
0,2004,2017,27.853644
0,2004,2016,28.963753
0,2004,2015,30.045788
0,2004,2014,31.085496
0,2004,2013,32.066267
0,2004,2012,32.968823
0,2004,2011,33.770871
0,2004,2010,34.446715
0,2004,2009,34.966818
0,2004,2008,35.297323
0,2004,2007,35.399506
0,2004,2006,35.229175
0,2004,2005,34.735992
0,2004,2004,33.862726
0,2003,2100,0.158632
0,2003,2099,0.170232
0,2003,2098,0.182664
0,2003,2097,0.195985
0,2003,2096,0.210258
0,2003,2095,0.22555
0,2003,2094,0.241929
0,2003,2093,0.259473
0,2003,2092,0.27826
0,2003,2091,0.298377
0,2003,2090,0.319915
0,2003,2089,0.34297
0,2003,2088,0.367647
0,2003,2087,0.394054
0,2003,2086,0.42231
0,2003,2085,0.452538
0,2003,2084,0.484873
0,2003,2083,0.519454
0,2003,2082,0.556432
0,2003,2081,0.595965
0,2003,2080,0.638224
0,2003,2079,0.683387
0,2003,2078,0.731646
0,2003,2077,0.783203
0,2003,2076,0.838272
0,2003,2075,0.897081
0,2003,2074,0.95987
0,2003,2073,1.026895
0,2003,2072,1.098426
0,2003,2071,1.174747
0,2003,2070,1.256162
0,2003,2069,1.342989
0,2003,2068,1.435564
0,2003,2067,1.534243
0,2003,2066,1.6394
0,2003,2065,1.75143
0,2003,2064,1.870748
0,2003,2063,1.99779
0,2003,2062,2.133017
0,2003,2061,2.276909
0,2003,2060,2.429971
0,2003,2059,2.592734
0,2003,2058,2.765751
0,2003,2057,2.949601
0,2003,2056,3.144888
0,2003,2055,3.352241
0,2003,2054,3.572317
0,2003,2053,3.805794
0,2003,2052,4.05338
0,2003,2051,4.315804
0,2003,2050,4.59382
0,2003,2049,4.888204
0,2003,2048,5.199755
0,2003,2047,5.52929
0,2003,2046,5.877641
0,2003,2045,6.245659
0,2003,2044,6.634201
0,2003,2043,7.044133
0,2003,2042,7.476323
0,2003,2041,7.931633
0,2003,2040,8.410917
0,2003,2039,8.915008
0,2003,2038,9.444714
0,2003,2037,10.000804
0,2003,2036,10.583997
0,2003,2035,11.19495
0,2003,2034,11.83424
0,2003,2033,12.502349
0,2003,2032,13.19964
0,2003,2031,13.92634
0,2003,2030,14.682508
0,2003,2029,15.468011
0,2003,2028,16.282489
0,2003,2027,17.125316
0,2003,2026,17.995565
0,2003,2025,18.891953
0,2003,2024,19.812795
0,2003,2023,20.755946
0,2003,2022,21.718731
0,2003,2021,22.697874
0,2003,2020,23.689419
0,2003,2019,24.688637
0,2003,2018,25.689923
0,2003,2017,26.686688
0,2003,2016,27.671227
0,2003,2015,28.634585
0,2003,2014,29.5664
0,2003,2013,30.454729
0,2003,2012,31.285859
0,2003,2011,32.044093
0,2003,2010,32.711517
0,2003,2009,33.267737
0,2003,2008,33.689591
0,2003,2007,33.950829
0,2003,2006,34.021762
0,2003,2005,33.868868
0,2003,2004,33.454357
0,2003,2003,32.735702
0,2002,2100,0.359329
0,2002,2099,0.380914
0,2002,2098,0.403763
0,2002,2097,0.427946
0,2002,2096,0.453539
0,2002,2095,0.48062
0,2002,2094,0.509274
0,2002,2093,0.539586
0,2002,2092,0.571651
0,2002,2091,0.605563
0,2002,2090,0.641426
0,2002,2089,0.679347
0,2002,2088,0.719437
0,2002,2087,0.761816
0,2002,2086,0.806608
0,2002,2085,0.853942
0,2002,2084,0.903956
0,2002,2083,0.956794
0,2002,2082,1.012606
0,2002,2081,1.07155
0,2002,2080,1.133792
0,2002,2079,1.199504
0,2002,2078,1.268869
0,2002,2077,1.342075
0,2002,2076,1.419323
0,2002,2075,1.500819
0,2002,2074,1.586781
0,2002,2073,1.677434
0,2002,2072,1.773016
0,2002,2071,1.873774
0,2002,2070,1.979963
0,2002,2069,2.091852
0,2002,2068,2.20972
0,2002,2067,2.333856
0,2002,2066,2.464562
0,2002,2065,2.602151
0,2002,2064,2.746947
0,2002,2063,2.899285
0,2002,2062,3.059515
0,2002,2061,3.227997
0,2002,2060,3.405101
0,2002,2059,3.591212
0,2002,2058,3.786725
0,2002,2057,3.992046
0,2002,2056,4.207593
0,2002,2055,4.433793
0,2002,2054,4.671086
0,2002,2053,4.919917
0,2002,2052,5.180744
0,2002,2051,5.454028
0,2002,2050,5.740241
0,2002,2049,6.039856
0,2002,2048,6.35335
0,2002,2047,6.681205
0,2002,2046,7.023897
0,2002,2045,7.381904
0,2002,2044,7.755694
0,2002,2043,8.14573
0,2002,2042,8.552459
0,2002,2041,8.976315
0,2002,2040,9.417708
0,2002,2039,9.877024
0,2002,2038,10.354618
0,2002,2037,10.850806
0,2002,2036,11.365859
0,2002,2035,11.899998
0,2002,2034,12.453381
0,2002,2033,13.026096
0,2002,2032,13.618148
0,2002,2031,14.229452
0,2002,2030,14.859815
0,2002,2029,15.508925
0,2002,2028,16.176331
0,2002,2027,16.861432
0,2002,2026,17.563452
0,2002,2025,18.281422
0,2002,2024,19.014154
0,2002,2023,19.760218
0,2002,2022,20.517914
0,2002,2021,21.285238
0,2002,2020,22.059853
0,2002,2019,22.839046
0,2002,2018,23.619693
0,2002,2017,24.398212
0,2002,2016,25.170514
0,2002,2015,25.93195
0,2002,2014,26.677254
0,2002,2013,27.400478
0,2002,2012,28.094925
0,2002,2011,28.753068
0,2002,2010,29.366475
0,2002,2009,29.925712
0,2002,2008,30.420249
0,2002,2007,30.838349
0,2002,2006,31.166955
0,2002,2005,31.391561
0,2002,2004,31.496075
0,2002,2003,31.462664
0,2002,2002,31.271594
0,2001,2100,0.528843
0,2001,2099,0.557303
0,2001,2098,0.587249
0,2001,2097,0.618754
0,2001,2096,0.651898
0,2001,2095,0.68676
0,2001,2094,0.723425
0,2001,2093,0.761983
0,2001,2092,0.802526
0,2001,2091,0.845151
0,2001,2090,0.88996
0,2001,2089,0.937057
0,2001,2088,0.986555
0,2001,2087,1.038567
0,2001,2086,1.093214
0,2001,2085,1.150623
0,2001,2084,1.210922
0,2001,2083,1.274249
0,2001,2082,1.340746
0,2001,2081,1.410561
0,2001,2080,1.483846
0,2001,2079,1.560763
0,2001,2078,1.641478
0,2001,2077,1.726163
0,2001,2076,1.814999
0,2001,2075,1.908171
0,2001,2074,2.005874
0,2001,2073,2.108308
0,2001,2072,2.215681
0,2001,2071,2.328208
0,2001,2070,2.446112
0,2001,2069,2.569624
0,2001,2068,2.698982
0,2001,2067,2.834431
0,2001,2066,2.976225
0,2001,2065,3.124626
0,2001,2064,3.279902
0,2001,2063,3.44233
0,2001,2062,3.612195
0,2001,2061,3.789787
0,2001,2060,3.975406
0,2001,2059,4.169357
0,2001,2058,4.371953
0,2001,2057,4.583511
0,2001,2056,4.804356
0,2001,2055,5.034818
0,2001,2054,5.27523
0,2001,2053,5.525931
0,2001,2052,5.787261
0,2001,2051,6.059562
0,2001,2050,6.34318
0,2001,2049,6.638457
0,2001,2048,6.945735
0,2001,2047,7.265352
0,2001,2046,7.597642
0,2001,2045,7.942931
0,2001,2044,8.301536
0,2001,2043,8.673762
0,2001,2042,9.059899
0,2001,2041,9.460221
0,2001,2040,9.87498
0,2001,2039,10.304402
0,2001,2038,10.748687
0,2001,2037,11.207998
0,2001,2036,11.682464
0,2001,2035,12.172166
0,2001,2034,12.677137
0,2001,2033,13.197353
0,2001,2032,13.732727
0,2001,2031,14.2831
0,2001,2030,14.84823
0,2001,2029,15.427788
0,2001,2028,16.021343
0,2001,2027,16.628353
0,2001,2026,17.248151
0,2001,2025,17.879931
0,2001,2024,18.522736
0,2001,2023,19.175442
0,2001,2022,19.836734
0,2001,2021,20.505097
0,2001,2020,21.178788
0,2001,2019,21.855814
0,2001,2018,22.533912
0,2001,2017,23.21052
0,2001,2016,23.882745
0,2001,2015,24.547338
0,2001,2014,25.200657
0,2001,2013,25.838628
0,2001,2012,26.45671
0,2001,2011,27.049848
0,2001,2010,27.61243
0,2001,2009,28.138234
0,2001,2008,28.620373
0,2001,2007,29.051238
0,2001,2006,29.422433
0,2001,2005,29.724707
0,2001,2004,29.947879
0,2001,2003,30.080755
0,2001,2002,30.111045
0,2001,2001,30.025266
0,2000,2100,0.5396
0,2000,2099,0.568415
0,2000,2098,0.598722
0,2000,2097,0.630596
0,2000,2096,0.664114
0,2000,2095,0.699355
0,2000,2094,0.736406
0,2000,2093,0.775353
0,2000,2092,0.81629
0,2000,2091,0.859313
0,2000,2090,0.904523
0,2000,2089,0.952024
0,2000,2088,1.001926
0,2000,2087,1.054344
0,2000,2086,1.109397
0,2000,2085,1.167209
0,2000,2084,1.22791
0,2000,2083,1.291635
0,2000,2082,1.358525
0,2000,2081,1.428726
0,2000,2080,1.50239
0,2000,2079,1.579675
0,2000,2078,1.660747
0,2000,2077,1.745777
0,2000,2076,1.834941
0,2000,2075,1.928424
0,2000,2074,2.026418
0,2000,2073,2.129121
0,2000,2072,2.236737
0,2000,2071,2.34948
0,2000,2070,2.467569
0,2000,2069,2.591232
0,2000,2068,2.720703
0,2000,2067,2.856225
0,2000,2066,2.998048
0,2000,2065,3.146428
0,2000,2064,3.301632
0,2000,2063,3.463931
0,2000,2062,3.633605
0,2000,2061,3.810942
0,2000,2060,3.996235
0,2000,2059,4.189785
0,2000,2058,4.391899
0,2000,2057,4.60289
0,2000,2056,4.823078
0,2000,2055,5.052785
0,2000,2054,5.292342
0,2000,2053,5.54208
0,2000,2052,5.802333
0,2000,2051,6.07344
0,2000,2050,6.355739
0,2000,2049,6.649568
0,2000,2048,6.955262
0,2000,2047,7.273156
0,2000,2046,7.603577
0,2000,2045,7.946848
0,2000,2044,8.30328
0,2000,2043,8.673177
0,2000,2042,9.056824
0,2000,2041,9.454494
0,2000,2040,9.866436
0,2000,2039,10.292878
0,2000,2038,10.73402
0,2000,2037,11.190028
0,2000,2036,11.661035
0,2000,2035,12.147127
0,2000,2034,12.648347
0,2000,2033,13.164682
0,2000,2032,13.696057
0,2000,2031,14.242329
0,2000,2030,14.803279
0,2000,2029,15.378601
0,2000,2028,15.967893
0,2000,2027,16.570646
0,2000,2026,17.186234
0,2000,2025,17.813898
0,2000,2024,18.452733
0,2000,2023,19.101674
0,2000,2022,19.759479
0,2000,2021,20.424711
0,2000,2020,21.095716
0,2000,2019,21.770606
0,2000,2018,22.447231
0,2000,2017,23.123159
0,2000,2016,23.795645
0,2000,2015,24.461603
0,2000,2014,25.117572
0,2000,2013,25.759686
0,2000,2012,26.383632
0,2000,2011,26.98461
0,2000,2010,27.55729
0,2000,2009,28.095766
0,2000,2008,28.593502
0,2000,2007,29.043275
0,2000,2006,29.437119
0,2000,2005,29.766258
0,2000,2004,30.021034
0,2000,2003,30.190834
0,2000,2002,30.264006
0,2000,2001,30.227772
0,2000,2000,30.068131
0,Historical,2019,42.332384
0,Historical,2018,42.101177
0,Historical,2017,41.193001
0,Historical,2016,41.012741
0,Historical,2015,41.48036
0,Historical,2014,41.303966
0,Historical,2013,40.523658
0,Historical,2012,40.17197
0,Historical,2011,39.188828
0,Historical,2010,38.224529
0,Historical,2009,37.043836
0,Historical,2008,36.752056
0,Historical,2007,35.809665
0,Historical,2006,35.569639
0,Historical,2005,34.412602
0,Historical,2004,33.862726
0,Historical,2003,32.735702
0,Historical,2002,31.271594
0,Historical,2001,30.025266
0,Historical,2000,30.068131
0,Historical,1999,28.711909
0,Historical,1998,28.500499
0,Historical,1997,30.6064
0,Historical,1996,28.738025
0,Historical,1995,28.105649
0,Historical,1994,27.666012
0,Historical,1993,27.526963
0,Historical,1992,27.285318
0,Historical,1991,27.978436
0,Historical,1990,27.510791
0,Historical,1989,27.120986
0,Historical,1988,26.692503
0,Historical,1987,25.824408
0,Historical,1986,25.025178
0,Historical,1985,24.608135
0,Historical,1984,23.84256
0,Historical,1983,23.152292
0,Historical,1982,22.818449
0,Historical,1981,22.902114
0,Historical,1980,23.366101
0,Historical,1979,23.289643
0,Historical,1978,22.883543
0,Historical,1977,22.348884
0,Historical,1976,21.926295
0,Historical,1975,21.082867
0,Historical,1974,21.187664
0,Historical,1973,21.38644
0,Historical,1972,20.614542
0,Historical,1971,20.008593
0,Historical,1970,19.499624
0,Historical,1969,18.451945
0,Historical,1968,17.575583
0,Historical,1967,16.929388
0,Historical,1966,16.636826
0,Historical,1965,16.275062
0,Historical,1964,15.963017
0,Historical,1963,15.624988
0,Historical,1962,15.291398
0,Historical,1961,15.135483
0,Historical,1960,15.397863
0,Historical,1959,15.489944
0,Historical,1958,14.969281
0,Historical,1957,14.624423
0,Historical,1956,14.263379
0,Historical,1955,13.665104
0,Historical,1954,12.922786
0,Historical,1953,12.673365
0,Historical,1952,12.391385
0,Historical,1951,12.234673
0,Historical,1950,11.595248
0,Historical,1949,10.633052
0,Historical,1948,10.986812
0,Historical,1947,10.776959
0,Historical,1946,10.310254
0,Historical,1945,9.948428
0,Historical,1944,10.837807
0,Historical,1943,10.91023
0,Historical,1942,10.761571
0,Historical,1941,10.763668
0,Historical,1940,10.556952
0,Historical,1939,10.057065
0,Historical,1938,9.809198
0,Historical,1937,10.041638
0,Historical,1936,9.704859
0,Historical,1935,9.261991
0,Historical,1934,9.012561
0,Historical,1933,8.645301
0,Historical,1932,8.374579
0,Historical,1931,8.634591
0,Historical,1930,8.907413
0,Historical,1929,9.003256
0,Historical,1928,8.71109
0,Historical,1927,8.694155
0,Historical,1926,8.338774
0,Historical,1925,8.380347
0,Historical,1924,8.32959
0,Historical,1923,8.28299
0,Historical,1922,7.80874
0,Historical,1921,7.572951
0,Historical,1920,7.894786
0,Historical,1919,7.213321
0,Historical,1918,7.676414
0,Historical,1917,7.728275
0,Historical,1916,7.590376
0,Historical,1915,7.374724
0,Historical,1914,7.455626
0,Historical,1913,7.8529
0,Historical,1912,7.612327
0,Historical,1911,7.507427
0,Historical,1910,7.476471
0,Historical,1909,7.421955
0,Historical,1908,7.275637
0,Historical,1907,7.376654
0,Historical,1906,7.003637
0,Historical,1905,6.854429
0,Historical,1904,6.667272
0,Historical,1903,6.592015
0,Historical,1902,6.343285
0,Historical,1901,6.226142
0,Historical,1900,6.053521
0,Historical,1899,5.813436
0,Historical,1898,5.643671
0,Historical,1897,5.538568
0,Historical,1896,5.428233
0,Historical,1895,5.349364
0,Historical,1894,5.226014
0,Historical,1893,5.135069
0,Historical,1892,5.111186
0,Historical,1891,5.043126
0,Historical,1890,4.885135
0,Historical,1889,4.658803
0,Historical,1888,4.637974
0,Historical,1887,4.50626
0,Historical,1886,4.440402
0,Historical,1885,4.410698
0,Historical,1884,4.373441
0,Historical,1883,4.329299
0,Historical,1882,4.229086
0,Historical,1881,4.145073
0,Historical,1880,4.065177
0,Historical,1879,3.975047
0,Historical,1878,3.90391
0,Historical,1877,3.866092
0,Historical,1876,3.815043
0,Historical,1875,3.759901
0,Historical,1874,3.652106
0,Historical,1873,3.638167
0,Historical,1872,3.526414
0,Historical,1871,3.3932
0,Historical,1870,3.251873
0,Historical,1869,2.986048
0,Historical,1868,2.954758
0,Historical,1867,2.946944
0,Historical,1866,2.921889
0,Historical,1865,2.921172
0,Historical,1864,2.893999
0,Historical,1863,2.87188
0,Historical,1862,2.856137
0,Historical,1861,2.865018
0,Historical,1860,2.882419
0,Historical,1859,2.960075
0,Historical,1858,2.932658
0,Historical,1857,2.908239
0,Historical,1856,2.88132
0,Historical,1855,2.849409
0,Historical,1854,2.836878
0,Historical,1853,2.788877
0,Historical,1852,2.760245
0,Historical,1851,2.733435
0,Historical,1850,2.717041
0,Historical,1849,0.183511
0,Historical,1848,0.173816
0,Historical,1847,0.172402
0,Historical,1846,0.157794
0,Historical,1845,0.155211
0,Historical,1844,0.141423
0,Historical,1843,0.132853
0,Historical,1842,0.129504
0,Historical,1841,0.122619
0,Historical,1840,0.11893
0,Historical,1839,0.111613
0,Historical,1838,0.108044
0,Historical,1837,0.104691
0,Historical,1836,0.104776
0,Historical,1835,0.090446
0,Historical,1834,0.088486
0,Historical,1833,0.086807
0,Historical,1832,0.085111
0,Historical,1831,0.084528
0,Historical,1830,0.089123
0,Historical,1829,0.066395
0,Historical,1828,0.066637
0,Historical,1827,0.065915
0,Historical,1826,0.06142
0,Historical,1825,0.060756
0,Historical,1824,0.058525
0,Historical,1823,0.05655
0,Historical,1822,0.053465
0,Historical,1821,0.051435
0,Historical,1820,0.050688
0,Historical,1819,0.049948
0,Historical,1818,0.049644
0,Historical,1817,0.049431
0,Historical,1816,0.047665
0,Historical,1815,0.043488
0,Historical,1814,0.042129
0,Historical,1813,0.04122
0,Historical,1812,0.041007
0,Historical,1811,0.039582
0,Historical,1810,0.03738
0,Historical,1809,0.03509
0,Historical,1808,0.035064
0,Historical,1807,0.036874
0,Historical,1806,0.035046
0,Historical,1805,0.033419
0,Historical,1804,0.03431
0,Historical,1803,0.031488
0,Historical,1802,0.036783
0,Historical,1801,0.02796
0,Historical,1800,0.028092
0,Historical,1799,0.026428
0,Historical,1798,0.025095
0,Historical,1797,0.024094
0,Historical,1796,0.022951
0,Historical,1795,0.021892
0,Historical,1794,0.021881
0,Historical,1793,0.021914
0,Historical,1792,0.021896
0,Historical,1791,0.02142
0,Historical,1790,0.019177
0,Historical,1789,0.01917
0,Historical,1788,0.019163
0,Historical,1787,0.019159
0,Historical,1786,0.019152
0,Historical,1785,0.016869
0,Historical,1784,0.016858
0,Historical,1783,0.016854
0,Historical,1782,0.016847
0,Historical,1781,0.016843
0,Historical,1780,0.015055
0,Historical,1779,0.015048
0,Historical,1778,0.015044
0,Historical,1777,0.015041
0,Historical,1776,0.015037
0,Historical,1775,0.013626
0,Historical,1774,0.013623
0,Historical,1773,0.013619
0,Historical,1772,0.013615
0,Historical,1771,0.013612
0,Historical,1770,0.012274
0,Historical,1769,0.012271
0,Historical,1768,0.012267
0,Historical,1767,0.012263
0,Historical,1766,0.01226
0,Historical,1765,0.010988
0,Historical,1764,0.010985
0,Historical,1763,0.010981
0,Historical,1762,0.010977
0,Historical,1761,0.010974
0,Historical,1760,0.010017
0,Historical,1759,0.010017
0,Historical,1758,0.010014
0,Historical,1757,0.01001
0,Historical,1756,0.010006
0,Historical,1755,0.009362
0,Historical,1754,0.009358
0,Historical,1753,0.009354
0,Historical,1752,0.009354
0,Historical,1751,0.009351
0,Historical,1750,0.009351
