,key,value,year
3191,December,5.518,2015
3190,November,7.433,2015
3189,October,10.800999999999998,2015
3188,September,12.999,2015
3187,August,14.755,2015
3186,July,15.050999999999998,2015
3185,June,14.505,2015
3184,May,12.312,2015
3183,April,9.313,2015
3182,March,6.74,2015
3181,February,4.664,2015
3180,January,3.881,2015
3179,December,4.85,2014
3178,November,6.712999999999999,2014
3177,October,10.33,2014
3176,September,13.091,2014
3175,August,14.875,2014
3174,July,14.873,2014
3173,June,14.335,2014
3172,May,12.582,2014
3171,April,9.589,2014
3170,March,6.377999999999999,2014
3169,February,3.5,2014
3168,January,3.732,2014
3167,December,4.724,2013
3166,November,7.424,2013
3165,October,10.255999999999998,2013
3164,September,13.154000000000002,2013
3163,August,14.742,2013
3162,July,15.003,2013
3161,June,14.568,2013
3160,May,12.195,2013
3159,April,9.044,2013
3158,March,6.261,2013
3157,February,4.222,2013
3156,January,3.685,2013
3155,December,4.102,2012
3154,November,7.1560000000000015,2012
3153,October,10.428,2012
3152,September,13.04,2012
3151,August,14.72,2012
3150,July,15.076,2012
3149,June,14.492,2012
3148,May,12.59,2012
3147,April,9.675999999999998,2012
3146,March,6.023,2012
3145,February,3.628,2012
3144,January,3.157,2012
3143,December,4.6549999999999985,2011
3142,November,6.814,2011
3141,October,10.352,2011
3140,September,12.912,2011
3139,August,15.012,2011
3138,July,15.482,2011
3137,June,14.37,2011
3136,May,11.986,2011
3135,April,9.483,2011
3134,March,6.101,2011
3133,February,3.743,2011
3132,January,3.282,2011
3131,December,4.292,2010
3130,November,7.487,2010
3129,October,10.442,2010
3128,September,12.863,2010
3127,August,14.768,2010
3126,July,15.213,2010
3125,June,14.421,2010
3124,May,12.406,2010
3123,April,9.671,2010
3122,March,6.7379999999999995,2010
3121,February,4.399,2010
3120,January,3.737,2010
3119,December,4.31,2009
3118,November,7.031000000000001,2009
3117,October,10.136,2009
3116,September,13.153,2009
3115,August,14.655,2009
3114,July,15.231,2009
3113,June,14.201,2009
3112,May,12.111999999999998,2009
3111,April,9.367,2009
3110,March,6.086,2009
3109,February,4.093999999999999,2009
3108,January,3.687,2009
3107,December,4.385,2008
3106,November,7.224,2008
3105,October,10.399,2008
3104,September,12.802,2008
3103,August,14.377,2008
3102,July,15.174,2008
3101,June,14.145,2008
3100,May,12.053999999999998,2008
3099,April,9.295,2008
3098,March,6.906000000000001,2008
3097,February,3.576,2008
3096,January,2.8440000000000003,2008
3095,December,4.523,2007
3094,November,7.0840000000000005,2007
3093,October,10.332,2007
3092,September,12.93,2007
3091,August,14.752,2007
3090,July,15.23,2007
3089,June,14.309,2007
3088,May,12.518,2007
3087,April,9.823,2007
3086,March,6.485,2007
3085,February,4.221,2007
3084,January,4.5790000000000015,2007
3083,December,4.987,2006
3082,November,6.955,2006
3081,October,10.289,2006
3080,September,12.875,2006
3079,August,14.913,2006
3078,July,15.042,2006
3077,June,14.443,2006
3076,May,11.786,2006
3075,April,9.055,2006
3074,March,6.3290000000000015,2006
3073,February,4.43,2006
3072,January,3.286,2006
3071,December,4.878,2005
3070,November,7.422999999999999,2005
3069,October,10.601,2005
3068,September,13.217,2005
3067,August,14.51,2005
3066,July,15.19,2005
3065,June,14.476,2005
3064,May,12.226,2005
3063,April,9.618,2005
3062,March,6.5440000000000005,2005
3061,February,3.92,2005
3060,January,3.808,2005
3059,December,4.257,2004
3058,November,7.315,2004
3057,October,10.127,2004
3056,September,12.642,2004
3055,August,14.188,2004
3054,July,14.312,2004
3053,June,13.889,2004
3052,May,11.571,2004
3051,April,9.249,2004
3050,March,6.321000000000001,2004
3049,February,4.4990000000000006,2004
3048,January,3.5250000000000004,2004
3047,December,5.132999999999999,2003
3046,November,6.727,2003
3045,October,10.424,2003
3044,September,12.911,2003
3043,August,14.691,2003
3042,July,14.983,2003
3041,June,14.017,2003
3040,May,12.153,2003
3039,April,9.154,2003
3038,March,6.047999999999999,2003
3037,February,4.085,2003
3036,January,3.981,2003
3035,December,4.038,2002
3034,November,6.892,2002
3033,October,9.988,2002
3032,September,12.95,2002
3031,August,14.56,2002
3030,July,15.354,2002
3029,June,14.084,2002
3028,May,12.248,2002
3027,April,9.229,2002
3026,March,6.772,2002
3025,February,4.704,2002
3024,January,4.026,2002
3023,December,4.507,2001
3022,November,7.319,2001
3021,October,9.935,2001
3020,September,12.736,2001
3019,August,14.427,2001
3018,July,15.161,2001
3017,June,14.11,2001
3016,May,12.271,2001
3015,April,9.245,2001
3014,March,6.207999999999999,2001
3013,February,3.72,2001
3012,January,3.3360000000000003,2001
3011,December,3.863,2000
3010,November,6.312,2000
3009,October,9.486,2000
3008,September,12.547,2000
3007,August,14.519,2000
3006,July,14.848,2000
3005,June,14.06,2000
3004,May,11.874,2000
3003,April,9.552,2000
3002,March,6.218999999999999,2000
3001,February,4.184,2000
3000,January,2.95,2000
2999,December,4.565,1999
2998,November,6.5920000000000005,1999
2997,October,9.997,1999
2996,September,12.723,1999
2995,August,14.348,1999
2994,July,14.853,1999
2993,June,14.031,1999
2992,May,11.706,1999
2991,April,8.838,1999
2990,March,5.53,1999
2989,February,4.694,1999
2988,January,3.5439999999999996,1999
2987,December,4.6690000000000005,1998
2986,November,6.404,1998
2985,October,9.941,1998
2984,September,12.672999999999998,1998
2983,August,14.874,1998
2982,July,15.34,1998
2981,June,14.521,1998
2980,May,12.291,1998
2979,April,9.358,1998
2978,March,6.023,1998
2977,February,4.8260000000000005,1998
2976,January,3.3520000000000003,1998
2975,December,4.417,1997
2974,November,6.841,1997
2973,October,10.109,1997
2972,September,12.685,1997
2971,August,14.255999999999998,1997
2970,July,14.565,1997
2969,June,14.130999999999998,1997
2968,May,11.593,1997
2967,April,8.891,1997
2966,March,6.0120000000000005,1997
2965,February,3.766,1997
2964,January,3.165,1997
2963,December,4.325,1996
2962,November,6.5470000000000015,1996
2961,October,9.525,1996
2960,September,12.294,1996
2959,August,14.603,1996
2958,July,14.827,1996
2957,June,13.681,1996
2956,May,11.588,1996
2955,April,8.679,1996
2954,March,5.524,1996
2953,February,4.0120000000000005,1996
2952,January,2.862,1996
2951,December,4.123,1995
2950,November,6.761,1995
2949,October,10.106,1995
2948,September,12.565,1995
2947,August,14.636,1995
2946,July,15.116,1995
2945,June,14.164,1995
2944,May,11.57,1995
2943,April,8.972000000000001,1995
2942,March,5.956,1995
2941,February,4.656000000000001,1995
2940,January,3.54,1995
2939,December,4.113,1994
2938,November,6.787999999999999,1994
2937,October,10.002,1994
2936,September,12.515999999999998,1994
2935,August,13.977,1994
2934,July,14.658,1994
2933,June,14.144,1994
2932,May,11.684,1994
2931,April,9.018,1994
2930,March,5.731,1994
2929,February,2.81,1994
2928,January,3.0239999999999996,1994
2927,December,4.035,1993
2926,November,5.7379999999999995,1993
2925,October,9.614,1993
2924,September,11.93,1993
2923,August,13.835,1993
2922,July,14.595,1993
2921,June,13.518,1993
2920,May,11.475,1993
2919,April,8.69,1993
2918,March,5.922999999999999,1993
2917,February,3.745,1993
2916,January,3.301,1993
2915,December,4.075,1992
2914,November,5.888999999999999,1992
2913,October,9.353,1992
2912,September,11.672,1992
2911,August,13.765999999999998,1992
2910,July,14.139,1992
2909,June,13.576,1992
2908,May,11.534999999999998,1992
2907,April,8.572000000000001,1992
2906,March,5.952000000000001,1992
2905,February,3.931,1992
2904,January,3.5789999999999997,1992
2903,December,4.059,1991
2902,November,6.44,1991
2901,October,9.753,1991
2900,September,12.677,1991
2899,August,14.319,1991
2898,July,14.987,1991
2897,June,14.263,1991
2896,May,11.616,1991
2895,April,9.226,1991
2894,March,5.574,1991
2893,February,4.0440000000000005,1991
2892,January,3.1950000000000003,1991
2891,December,4.425,1990
2890,November,6.92,1990
2889,October,9.882,1990
2888,September,12.195,1990
2887,August,14.095,1990
2886,July,14.784,1990
2885,June,13.893,1990
2884,May,11.831,1990
2883,April,9.169,1990
2882,March,6.73,1990
2881,February,3.643,1990
2880,January,3.2430000000000003,1990
2879,December,4.43,1989
2878,November,6.178999999999999,1989
2877,October,9.76,1989
2876,September,12.403,1989
2875,August,14.135,1989
2874,July,14.612,1989
2873,June,13.447,1989
2872,May,11.28,1989
2871,April,8.689,1989
2870,March,5.792000000000001,1989
2869,February,3.627,1989
2868,January,2.71,1989
2867,December,4.363,1988
2866,November,6.295,1988
2865,October,9.979,1988
2864,September,12.681,1988
2863,August,14.553,1988
2862,July,14.798,1988
2861,June,14.099,1988
2860,May,11.852,1988
2859,April,8.991999999999997,1988
2858,March,5.931,1988
2857,February,3.4219999999999997,1988
2856,January,3.4539999999999997,1988
2855,December,4.489,1987
2854,November,6.056,1987
2853,October,9.59,1987
2852,September,12.447,1987
2851,August,13.896,1987
2850,July,14.89,1987
2849,June,13.927,1987
2848,May,11.525,1987
2847,April,8.594999999999999,1987
2846,March,5.245,1987
2845,February,4.1339999999999995,1987
2844,January,3.139,1987
2843,December,3.751,1986
2842,November,5.9190000000000005,1986
2841,October,9.299,1986
2840,September,11.816999999999998,1986
2839,August,13.972,1986
2838,July,14.293,1986
2837,June,13.439,1986
2836,May,11.581,1986
2835,April,8.870999999999997,1986
2834,March,5.755,1986
2833,February,3.991,1986
2832,January,3.315,1986
2831,December,3.785,1985
2830,November,5.968,1985
2829,October,9.338,1985
2828,September,11.98,1985
2827,August,14.059,1985
2826,July,13.973,1985
2825,June,13.569,1985
2824,May,11.425999999999998,1985
2823,April,8.633,1985
2822,March,5.4510000000000005,1985
2821,February,2.704,1985
2820,January,3.01,1985
2819,December,3.185,1984
2818,November,5.811,1984
2817,October,9.378,1984
2816,September,12.015,1984
2815,August,13.984000000000002,1984
2814,July,14.429,1984
2813,June,13.387,1984
2812,May,11.976,1984
2811,April,8.431999999999999,1984
2810,March,5.671,1984
2809,February,3.093,1984
2808,January,2.9410000000000003,1984
2807,December,3.829,1983
2806,November,6.7650000000000015,1983
2805,October,9.478,1983
2804,September,12.698,1983
2803,August,14.302,1983
2802,July,14.408,1983
2801,June,13.478,1983
2800,May,11.729,1983
2799,April,8.693,1983
2798,March,5.699,1983
2797,February,3.814,1983
2796,January,3.4450000000000003,1983
2795,December,4.327,1982
2794,November,5.961,1982
2793,October,9.232,1982
2792,September,12.039,1982
2791,August,13.796,1982
2790,July,14.545,1982
2789,June,13.245,1982
2788,May,11.348,1982
2787,April,8.465,1982
2786,March,4.873,1982
2785,February,3.281,1982
2784,January,2.5580000000000003,1982
2783,December,4.519,1981
2782,November,6.273,1981
2781,October,9.394,1981
2780,September,12.236,1981
2779,August,14.502,1981
2778,July,14.738,1981
2777,June,13.765,1981
2776,May,11.565,1981
2775,April,8.953,1981
2774,March,6.239,1981
2773,February,4.021,1981
2772,January,3.785,1981
2771,December,4.016,1980
2770,November,6.684,1980
2769,October,9.55,1980
2768,September,12.321,1980
2767,August,14.189,1980
2766,July,14.742,1980
2765,June,13.582,1980
2764,May,11.77,1980
2763,April,8.934999999999997,1980
2762,March,5.367000000000001,1980
2761,February,3.652,1980
2760,January,2.9560000000000004,1980
2759,December,4.6,1979
2758,November,6.2860000000000005,1979
2757,October,9.586,1979
2756,September,12.247,1979
2755,August,13.833,1979
2754,July,14.114,1979
2753,June,13.487,1979
2752,May,11.199000000000002,1979
2751,April,8.455,1979
2750,March,5.474,1979
2749,February,2.841,1979
2748,January,2.6790000000000003,1979
2747,December,3.74,1978
2746,November,6.3500000000000005,1978
2745,October,9.339,1978
2744,September,12.03,1978
2743,August,13.297,1978
2742,July,14.364,1978
2741,June,13.22,1978
2740,May,11.414,1978
2739,April,8.790999999999999,1978
2738,March,5.607,1978
2737,February,3.4560000000000004,1978
2736,January,2.705,1978
2735,December,3.749,1977
2734,November,6.5440000000000005,1977
2733,October,9.156,1977
2732,September,11.861999999999998,1977
2731,August,14.09,1977
2730,July,14.630999999999998,1977
2729,June,13.876,1977
2728,May,11.78,1977
2727,April,8.85,1977
2726,March,5.702000000000001,1977
2725,February,3.471,1977
2724,January,2.492,1977
2723,December,3.681,1976
2722,November,5.66,1976
2721,October,8.511000000000001,1976
2720,September,11.895,1976
2719,August,13.511,1976
2718,July,14.155,1976
2717,June,13.086,1976
2716,May,10.941999999999998,1976
2715,April,8.293999999999999,1976
2714,March,4.5169999999999995,1976
2713,February,3.031,1976
2712,January,2.884,1976
2711,December,3.667,1975
2710,November,5.893,1975
2709,October,9.318,1975
2708,September,12.152,1975
2707,August,13.514,1975
2706,July,14.351,1975
2705,June,13.557,1975
2704,May,11.742,1975
2703,April,8.584,1975
2702,March,5.706,1975
2701,February,3.395,1975
2700,January,3.0589999999999997,1975
2699,December,3.55,1974
2698,November,5.915,1974
2697,October,9.098,1974
2696,September,11.744000000000002,1974
2695,August,14.015999999999998,1974
2694,July,14.288,1974
2693,June,13.382,1974
2692,May,11.198,1974
2691,April,8.386000000000001,1974
2690,March,5.19,1974
2689,February,2.582,1974
2688,January,2.261,1974
2687,December,3.832,1973
2686,November,6.222,1973
2685,October,9.609,1973
2684,September,12.125,1973
2683,August,13.869000000000002,1973
2682,July,14.435,1973
2681,June,13.824000000000002,1973
2680,May,11.768999999999998,1973
2679,April,8.937999999999997,1973
2678,March,5.82,1973
2677,February,3.898,1973
2676,January,3.0380000000000003,1973
2675,December,3.778,1972
2674,November,5.7970000000000015,1972
2673,October,9.346,1972
2672,September,11.901,1972
2671,August,14.171,1972
2670,July,14.231,1972
2669,June,13.501,1972
2668,May,11.155,1972
2667,April,8.337,1972
2666,March,5.287000000000001,1972
2665,February,2.609,1972
2664,January,1.882,1972
2663,December,3.867,1971
2662,November,6.295,1971
2661,October,9.388,1971
2660,September,12.139,1971
2659,August,13.879,1971
2658,July,14.139,1971
2657,June,13.099,1971
2656,May,11.211,1971
2655,April,8.338999999999999,1971
2654,March,5.001,1971
2653,February,2.867,1971
2652,January,2.967,1971
2651,December,3.5210000000000004,1970
2650,November,6.047000000000001,1970
2649,October,9.348,1970
2648,September,12.277,1970
2647,August,13.658,1970
2646,July,14.395,1970
2645,June,13.513,1970
2644,May,11.206,1970
2643,April,8.603,1970
2642,March,5.272,1970
2641,February,3.735,1970
2640,January,2.8360000000000003,1970
2639,December,4.21,1969
2638,November,6.42,1969
2637,October,9.489,1969
2636,September,12.048,1969
2635,August,13.804,1969
2634,July,14.218,1969
2633,June,13.475,1969
2632,May,11.354,1969
2631,April,8.575999999999999,1969
2630,March,5.131,1969
2629,February,2.45,1969
2628,January,1.966,1969
2627,December,3.24,1968
2626,November,5.891,1968
2625,October,9.453,1968
2624,September,11.62,1968
2623,August,13.524,1968
2622,July,14.026,1968
2621,June,13.204,1968
2620,May,11.068,1968
2619,April,8.455,1968
2618,March,6.117000000000001,1968
2617,February,3.245,1968
2616,January,2.353,1968
2615,December,3.915,1967
2614,November,6.176,1967
2613,October,9.809,1967
2612,September,12.053999999999998,1967
2611,August,13.821,1967
2610,July,14.331,1967
2609,June,13.194,1967
2608,May,11.632,1967
2607,April,8.458,1967
2606,March,5.396,1967
2605,February,2.905,1967
2604,January,2.71,1967
2603,December,3.382,1966
2602,November,5.968999999999999,1966
2601,October,9.153,1966
2600,September,12.133,1966
2599,August,13.731,1966
2598,July,14.569,1966
2597,June,13.587,1966
2596,May,11.2,1966
2595,April,8.161,1966
2594,March,5.527,1966
2593,February,3.29,1966
2592,January,2.49,1966
2591,December,3.766,1965
2590,November,5.86,1965
2589,October,9.488,1965
2588,September,11.73,1965
2587,August,13.807,1965
2586,July,14.078,1965
2585,June,13.308,1965
2584,May,11.222,1965
2583,April,7.989999999999998,1965
2582,March,5.182,1965
2581,February,3.036,1965
2580,January,2.862,1965
2579,December,3.458,1964
2578,November,5.9830000000000005,1964
2577,October,8.831999999999997,1964
2576,September,11.604,1964
2575,August,13.678,1964
2574,July,14.300999999999998,1964
2573,June,13.459,1964
2572,May,10.905,1964
2571,April,7.922000000000001,1964
2570,March,4.865,1964
2569,February,3.028,1964
2568,January,2.881,1964
2567,December,3.75,1963
2566,November,6.561,1963
2565,October,9.943,1963
2564,September,12.555,1963
2563,August,14.309,1963
2562,July,14.505999999999998,1963
2561,June,13.412,1963
2560,May,11.045,1963
2559,April,8.173,1963
2558,March,5.0969999999999995,1963
2557,February,4.02,1963
2556,January,2.901,1963
2555,December,3.94,1962
2554,November,6.2829999999999995,1962
2553,October,9.468,1962
2552,September,12.018,1962
2551,August,13.713,1962
2550,July,14.205,1962
2549,June,13.427,1962
2548,May,11.128,1962
2547,April,8.54,1962
2546,March,5.53,1962
2545,February,3.696,1962
2544,January,3.003,1962
2543,December,3.5,1961
2542,November,6.205,1961
2541,October,9.328,1961
2540,September,12.247,1961
2539,August,13.849,1961
2538,July,14.288,1961
2537,June,13.702,1961
2536,May,11.624,1961
2535,April,8.631,1961
2534,March,5.5889999999999995,1961
2533,February,3.683,1961
2532,January,2.926,1961
2531,December,4.2589999999999995,1960
2530,November,5.827999999999999,1960
2529,October,9.497,1960
2528,September,12.095,1960
2527,August,13.825,1960
2526,July,14.198,1960
2525,June,13.484000000000002,1960
2524,May,10.872,1960
2523,April,8.133,1960
2522,March,4.303,1960
2521,February,3.798,1960
2520,January,2.713,1960
2519,December,3.77,1959
2518,November,5.752000000000001,1959
2517,October,9.16,1959
2516,September,11.946,1959
2515,August,13.853,1959
2514,July,14.449000000000002,1959
2513,June,13.577,1959
2512,May,11.323,1959
2511,April,8.818999999999997,1959
2510,March,5.854,1959
2509,February,3.33,1959
2508,January,2.9589999999999996,1959
2507,December,3.822,1958
2506,November,6.26,1958
2505,October,9.375,1958
2504,September,11.845,1958
2503,August,13.597,1958
2502,July,14.438,1958
2501,June,13.187,1958
2500,May,11.518999999999998,1958
2499,April,8.52,1958
2498,March,5.452999999999999,1958
2497,February,3.695,1958
2496,January,3.5740000000000003,1958
2495,December,4.3279999999999985,1957
2494,November,6.391,1957
2493,October,9.496,1957
2492,September,12.312,1957
2491,August,14.082,1957
2490,July,14.129,1957
2489,June,13.783,1957
2488,May,11.259,1957
2487,April,8.366,1957
2486,March,5.0360000000000005,1957
2485,February,3.12,1957
2484,January,2.488,1957
2483,December,3.5980000000000003,1956
2482,November,5.7379999999999995,1956
2481,October,8.927999999999997,1956
2480,September,11.783,1956
2479,August,13.189,1956
2478,July,14.18,1956
2477,June,13.16,1956
2476,May,10.720999999999998,1956
2475,April,7.922000000000001,1956
2474,March,4.888999999999999,1956
2473,February,2.781,1956
2472,January,2.4659999999999997,1956
2471,December,3.306,1955
2470,November,5.973,1955
2469,October,9.735,1955
2468,September,11.954,1955
2467,August,14.283,1955
2466,July,14.242,1955
2465,June,13.56,1955
2464,May,11.191999999999998,1955
2463,April,8.136000000000001,1955
2462,March,4.585,1955
2461,February,3.137,1955
2460,January,3.412,1955
2459,December,3.559,1954
2458,November,6.579,1954
2457,October,9.546,1954
2456,September,12.098,1954
2455,August,13.868,1954
2454,July,14.241,1954
2453,June,13.4,1954
2452,May,10.988,1954
2451,April,8.158,1954
2450,March,5.148,1954
2449,February,3.0839999999999996,1954
2448,January,2.059,1954
2447,December,3.998,1953
2446,November,5.9239999999999995,1953
2445,October,9.59,1953
2444,September,12.199000000000002,1953
2443,August,14.059,1953
2442,July,14.392,1953
2441,June,13.612,1953
2440,May,11.514,1953
2439,April,8.892000000000001,1953
2438,March,5.712000000000001,1953
2437,February,3.629,1953
2436,January,2.964,1953
2435,December,3.659,1952
2434,November,5.425,1952
2433,October,9.157,1952
2432,September,12.238,1952
2431,August,13.964,1952
2430,July,14.549,1952
2429,June,13.442,1952
2428,May,11.352,1952
2427,April,8.461,1952
2426,March,4.9670000000000005,1952
2425,February,3.3960000000000004,1952
2424,January,3.049,1952
2423,December,4.3279999999999985,1951
2422,November,6.2250000000000005,1951
2421,October,9.67,1951
2420,September,12.324000000000002,1951
2419,August,14.021,1951
2418,July,14.324000000000002,1951
2417,June,13.25,1951
2416,May,11.438,1951
2415,April,8.366999999999999,1951
2414,March,5.091,1951
2413,February,2.332,1951
2412,January,2.138,1951
2411,December,3.528,1950
2410,November,5.372000000000001,1950
2409,October,9.153,1950
2408,September,11.952,1950
2407,August,13.46,1950
2406,July,14.14,1950
2405,June,13.382,1950
2404,May,11.297,1950
2403,April,8.123,1950
2402,March,5.247000000000001,1950
2401,February,2.721,1950
2400,January,2.008,1950
2399,December,3.449,1949
2398,November,6.148,1949
2397,October,9.531,1949
2396,September,11.957,1949
2395,August,13.826,1949
2394,July,14.199000000000002,1949
2393,June,13.223,1949
2392,May,11.309,1949
2391,April,8.344,1949
2390,March,5.077,1949
2389,February,2.759,1949
2388,January,3.2190000000000003,1949
2387,December,3.491,1948
2386,November,6.1850000000000005,1948
2385,October,9.584,1948
2384,September,12.155,1948
2383,August,13.896,1948
2382,July,14.445,1948
2381,June,13.664,1948
2380,May,11.537,1948
2379,April,8.498999999999999,1948
2378,March,4.9190000000000005,1948
2377,February,3.22,1948
2376,January,3.366,1948
2375,December,3.656,1947
2374,November,6.407,1947
2373,October,10.011,1947
2372,September,12.166,1947
2371,August,13.827,1947
2370,July,14.349,1947
2369,June,13.459,1947
2368,May,11.329,1947
2367,April,8.686,1947
2366,March,5.801,1947
2365,February,3.2769999999999997,1947
2364,January,2.597,1947
2363,December,3.134,1946
2362,November,6.235,1946
2361,October,9.281,1946
2360,September,12.064,1946
2359,August,13.834,1946
2358,July,14.409,1946
2357,June,13.298,1946
2356,May,11.355,1946
2355,April,8.837,1946
2354,March,5.236000000000001,1946
2353,February,3.4610000000000003,1946
2352,January,2.9789999999999996,1946
2351,December,3.158,1945
2350,November,6.0729999999999995,1945
2349,October,9.575,1945
2348,September,12.225,1945
2347,August,14.313,1945
2346,July,14.213,1945
2345,June,13.328,1945
2344,May,11.097,1945
2343,April,8.681000000000001,1945
2342,March,5.184,1945
2341,February,2.6460000000000004,1945
2340,January,2.525,1945
2339,December,3.434,1944
2338,November,6.091,1944
2337,October,9.808,1944
2336,September,12.45,1944
2335,August,14.017,1944
2334,July,14.468,1944
2333,June,13.478,1944
2332,May,11.334,1944
2331,April,8.434,1944
2330,March,5.531000000000001,1944
2329,February,3.591,1944
2328,January,3.5039999999999996,1944
2327,December,4.2330000000000005,1943
2326,November,6.26,1943
2325,October,9.907,1943
2324,September,12.095999999999998,1943
2323,August,13.774,1943
2322,July,14.46,1943
2321,June,13.161,1943
2320,May,11.485,1943
2319,April,8.638,1943
2318,March,5.138,1943
2317,February,3.513,1943
2316,January,2.396,1943
2315,December,3.945,1942
2314,November,6.3950000000000005,1942
2313,October,9.627,1942
2312,September,12.146,1942
2311,August,13.786,1942
2310,July,14.242,1942
2309,June,13.578,1942
2308,May,11.338,1942
2307,April,8.415999999999999,1942
2306,March,5.308,1942
2305,February,2.857,1942
2304,January,3.103,1942
2303,December,3.707,1941
2302,November,5.952999999999999,1941
2301,October,9.71,1941
2300,September,11.816,1941
2299,August,14.028,1941
2298,July,14.694,1941
2297,June,13.63,1941
2296,May,11.493,1941
2295,April,8.575,1941
2294,March,5.212999999999999,1941
2293,February,3.67,1941
2292,January,2.7350000000000003,1941
2291,December,4.1339999999999995,1940
2290,November,6.0760000000000005,1940
2289,October,9.457,1940
2288,September,12.268,1940
2287,August,13.811,1940
2286,July,14.571,1940
2285,June,13.583,1940
2284,May,11.338,1940
2283,April,8.756,1940
2282,March,5.4239999999999995,1940
2281,February,3.423,1940
2280,January,2.335,1940
2279,December,4.959,1939
2278,November,6.189,1939
2277,October,9.218,1939
2276,September,11.957999999999998,1939
2275,August,13.932,1939
2274,July,14.395,1939
2273,June,13.531,1939
2272,May,11.524,1939
2271,April,8.328,1939
2270,March,4.926,1939
2269,February,3.232,1939
2268,January,2.932,1939
2267,December,3.51,1938
2266,November,6.53,1938
2265,October,9.784,1938
2264,September,12.427,1938
2263,August,13.963,1938
2262,July,14.482,1938
2261,June,13.321,1938
2260,May,11.456,1938
2259,April,8.913,1938
2258,March,5.651,1938
2257,February,3.417,1938
2256,January,2.91,1938
2255,December,3.478,1937
2254,November,6.356,1937
2253,October,9.729,1937
2252,September,12.412999999999998,1937
2251,August,14.007,1937
2250,July,14.375,1937
2249,June,13.603,1937
2248,May,11.422,1937
2247,April,8.139999999999999,1937
2246,March,4.851,1937
2245,February,3.553,1937
2244,January,2.4530000000000003,1937
2243,December,3.921,1936
2242,November,6.2330000000000005,1936
2241,October,9.457,1936
2240,September,12.021,1936
2239,August,13.86,1936
2238,July,14.629,1936
2237,June,13.363,1936
2236,May,11.251,1936
2235,April,8.126999999999999,1936
2234,March,5.031000000000001,1936
2233,February,2.506,1936
2232,January,2.249,1936
2231,December,3.423,1935
2230,November,5.443,1935
2229,October,9.516,1935
2228,September,11.999,1935
2227,August,13.775,1935
2226,July,14.331,1935
2225,June,13.326,1935
2224,May,10.906,1935
2223,April,7.770999999999999,1935
2222,March,5.399,1935
2221,February,4.125,1935
2220,January,2.1750000000000003,1935
2219,December,3.985,1934
2218,November,6.397,1934
2217,October,9.421,1934
2216,September,11.727,1934
2215,August,13.778,1934
2214,July,14.343,1934
2213,June,13.402,1934
2212,May,11.478,1934
2211,April,8.016,1934
2210,March,4.8180000000000005,1934
2209,February,3.699,1934
2208,January,2.476,1934
2207,December,3.1039999999999996,1933
2206,November,5.89,1933
2205,October,9.238,1933
2204,September,11.854,1933
2203,August,13.76,1933
2202,July,14.236,1933
2201,June,13.11,1933
2200,May,11.047,1933
2199,April,8.125,1933
2198,March,4.869,1933
2197,February,2.657,1933
2196,January,2.169,1933
2195,December,3.527,1932
2194,November,5.9079999999999995,1932
2193,October,9.682,1932
2192,September,12.31,1932
2191,August,13.74,1932
2190,July,14.372,1932
2189,June,13.383,1932
2188,May,11.239,1932
2187,April,8.769,1932
2186,March,4.94,1932
2185,February,2.989,1932
2184,January,3.604,1932
2183,December,4.027,1931
2182,November,6.242999999999999,1931
2181,October,9.937,1931
2180,September,12.283,1931
2179,August,14.12,1931
2178,July,14.576,1931
2177,June,13.573,1931
2176,May,11.02,1931
2175,April,8.163,1931
2174,March,5.22,1931
2173,February,2.708,1931
2172,January,2.761,1931
2171,December,3.831,1930
2170,November,6.574,1930
2169,October,9.261,1930
2168,September,11.874,1930
2167,August,13.928,1930
2166,July,14.465,1930
2165,June,13.347,1930
2164,May,11.105,1930
2163,April,8.181999999999999,1930
2162,March,5.483,1930
2161,February,3.1519999999999997,1930
2160,January,2.401,1930
2159,December,2.571,1929
2158,November,6.172000000000001,1929
2157,October,9.46,1929
2156,September,11.807,1929
2155,August,13.68,1929
2154,July,13.957,1929
2153,June,12.928,1929
2152,May,10.915,1929
2151,April,8.094,1929
2150,March,5.099,1929
2149,February,2.172,1929
2148,January,2.0540000000000003,1929
2147,December,3.873,1928
2146,November,6.336,1928
2145,October,9.486,1928
2144,September,12.03,1928
2143,August,13.687,1928
2142,July,14.31,1928
2141,June,13.113,1928
2140,May,11.169,1928
2139,April,8.244,1928
2138,March,4.959,1928
2137,February,3.333,1928
2136,January,3.0460000000000003,1928
2135,December,3.267,1927
2134,November,6.346,1927
2133,October,9.887,1927
2132,September,12.254,1927
2131,August,13.698,1927
2130,July,14.323,1927
2129,June,13.271999999999998,1927
2128,May,11.104,1927
2127,April,8.035,1927
2126,March,4.668,1927
2125,February,3.0389999999999997,1927
2124,January,2.372,1927
2123,December,3.366,1926
2122,November,6.3,1926
2121,October,9.55,1926
2120,September,12.075,1926
2119,August,13.877,1926
2118,July,14.168,1926
2117,June,13.285,1926
2116,May,10.931,1926
2115,April,8.193,1926
2114,March,5.831,1926
2113,February,3.717,1926
2112,January,3.4530000000000003,1926
2111,December,4.398,1925
2110,November,6.34,1925
2109,October,9.196,1925
2108,September,11.979,1925
2107,August,13.769,1925
2106,July,14.066,1925
2105,June,13.089,1925
2104,May,11.039,1925
2103,April,8.442,1925
2102,March,5.126,1925
2101,February,2.701,1925
2100,January,2.268,1925
2099,December,3.485,1924
2098,November,6.4,1924
2097,October,9.203,1924
2096,September,11.957,1924
2095,August,13.654000000000002,1924
2094,July,14.304,1924
2093,June,13.342,1924
2092,May,11.188,1924
2091,April,7.97,1924
2090,March,5.352,1924
2089,February,2.888,1924
2088,January,2.339,1924
2087,December,3.88,1923
2086,November,6.377999999999999,1923
2085,October,9.52,1923
2084,September,11.883,1923
2083,August,13.611,1923
2082,July,13.984000000000002,1923
2081,June,13.296,1923
2080,May,10.848999999999998,1923
2079,April,7.749,1923
2078,March,4.8660000000000005,1923
2077,February,2.563,1923
2076,January,2.487,1923
2075,December,3.667,1922
2074,November,6.046,1922
2073,October,9.056,1922
2072,September,11.775,1922
2071,August,13.584,1922
2070,July,14.278,1922
2069,June,13.331,1922
2068,May,11.097,1922
2067,April,8.379999999999999,1922
2066,March,5.156000000000001,1922
2065,February,2.376,1922
2064,January,2.15,1922
2063,December,3.663,1921
2062,November,5.864,1921
2061,October,9.264,1921
2060,September,11.869000000000002,1921
2059,August,13.561,1921
2058,July,14.436,1921
2057,June,13.44,1921
2056,May,11.245,1921
2055,April,8.324,1921
2054,March,5.081,1921
2053,February,3.125,1921
2052,January,2.98,1921
2051,December,2.6289999999999996,1920
2050,November,5.566,1920
2049,October,9.021,1920
2048,September,11.794,1920
2047,August,13.698,1920
2046,July,14.245,1920
2045,June,13.105,1920
2044,May,11.130999999999998,1920
2043,April,8.293,1920
2042,March,5.227,1920
2041,February,2.755,1920
2040,January,2.841,1920
2039,December,3.224,1919
2038,November,5.489,1919
2037,October,9.361,1919
2036,September,11.989999999999998,1919
2035,August,13.786,1919
2034,July,14.274,1919
2033,June,13.228,1919
2032,May,10.969,1919
2031,April,8.487,1919
2030,March,4.743,1919
2029,February,2.852,1919
2028,January,2.184,1919
2027,December,2.8480000000000003,1918
2026,November,5.683,1918
2025,October,9.433,1918
2024,September,11.880999999999998,1918
2023,August,13.431,1918
2022,July,14.002,1918
2021,June,12.908,1918
2020,May,10.54,1918
2019,April,7.643999999999999,1918
2018,March,4.811,1918
2017,February,2.455,1918
2016,January,1.934,1918
2015,December,2.247,1917
2014,November,5.82,1917
2013,October,8.544,1917
2012,September,11.745,1917
2011,August,13.470999999999998,1917
2010,July,14.259,1917
2009,June,12.915,1917
2008,May,10.443,1917
2007,April,7.854999999999999,1917
2006,March,4.488,1917
2005,February,2.36,1917
2004,January,2.133,1917
2003,December,2.316,1916
2002,November,5.596,1916
2001,October,9.053,1916
2000,September,11.726,1916
1999,August,13.58,1916
1998,July,14.052,1916
1997,June,12.942,1916
1996,May,10.972,1916
1995,April,8.046999999999999,1916
1994,March,4.846,1916
1993,February,2.957,1916
1992,January,2.616,1916
1991,December,3.633,1915
1990,November,6.216,1915
1989,October,8.984,1915
1988,September,11.867,1915
1987,August,13.77,1915
1986,July,14.443,1915
1985,June,13.3,1915
1984,May,11.493,1915
1983,April,8.705,1915
1982,March,5.143,1915
1981,February,3.265,1915
1980,January,2.299,1915
1979,December,3.6,1914
1978,November,5.7589999999999995,1914
1977,October,9.387,1914
1976,September,11.915,1914
1975,August,13.73,1914
1974,July,14.298,1914
1973,June,13.496,1914
1972,May,11.284999999999998,1914
1971,April,8.097999999999999,1914
1970,March,4.942,1914
1969,February,3.2,1914
1968,January,3.3760000000000003,1914
1967,December,4.103,1913
1966,November,6.024,1913
1965,October,9.077,1913
1964,September,11.759,1913
1963,August,13.724,1913
1962,July,14.137,1913
1961,June,13.005,1913
1960,May,10.745,1913
1959,April,8.023,1913
1958,March,4.5169999999999995,1913
1957,February,2.376,1913
1956,January,2.083,1913
1955,December,3.069,1912
1954,November,5.521,1912
1953,October,8.366999999999999,1912
1952,September,11.222,1912
1951,August,13.053,1912
1950,July,13.723,1912
1949,June,13.435,1912
1948,May,11.254,1912
1947,April,8.229,1912
1946,March,4.356,1912
1945,February,3.3539999999999996,1912
1944,January,2.4019999999999997,1912
1943,December,3.39,1911
1942,November,5.9639999999999995,1911
1941,October,9.263,1911
1940,September,11.638,1911
1939,August,13.499,1911
1938,July,14.082,1911
1937,June,13.009,1911
1936,May,10.829,1911
1935,April,7.989999999999998,1911
1934,March,4.3469999999999995,1911
1933,February,2.4530000000000003,1911
1932,January,1.66,1911
1931,December,2.6839999999999997,1910
1930,November,5.318,1910
1929,October,9.006,1910
1928,September,11.733,1910
1927,August,13.677,1910
1926,July,14.279000000000002,1910
1925,June,13.151,1910
1924,May,11.005,1910
1923,April,8.104999999999999,1910
1922,March,4.606,1910
1921,February,2.779,1910
1920,January,2.333,1910
1919,December,3.2230000000000003,1909
1918,November,6.236000000000001,1909
1917,October,9.192,1909
1916,September,11.879,1909
1915,August,13.752,1909
1914,July,14.06,1909
1913,June,12.962,1909
1912,May,10.611,1909
1911,April,7.534,1909
1910,March,4.5889999999999995,1909
1909,February,2.7060000000000004,1909
1908,January,1.395,1909
1907,December,3.071,1908
1906,November,5.272,1908
1905,October,8.865,1908
1904,September,11.977,1908
1903,August,13.376,1908
1902,July,14.197,1908
1901,June,13.293,1908
1900,May,11.140999999999998,1908
1899,April,7.831999999999999,1908
1898,March,4.136,1908
1897,February,2.7689999999999997,1908
1896,January,2.3040000000000003,1908
1895,December,2.9560000000000004,1907
1894,November,5.207000000000001,1907
1893,October,9.234,1907
1892,September,11.665,1907
1891,August,13.362,1907
1890,July,13.769,1907
1889,June,12.729,1907
1888,May,10.375,1907
1887,April,7.579,1907
1886,March,4.575,1907
1885,February,2.117,1907
1884,January,1.798,1907
1883,December,3.761,1906
1882,November,5.501,1906
1881,October,9.267,1906
1880,September,11.771999999999998,1906
1879,August,13.691,1906
1878,July,14.122,1906
1877,June,13.334,1906
1876,May,11.239999999999998,1906
1875,April,8.626,1906
1874,March,4.8660000000000005,1906
1873,February,2.301,1906
1872,January,2.068,1906
1871,December,3.3539999999999996,1905
1870,November,6.183,1905
1869,October,9.041,1905
1868,September,11.803999999999998,1905
1867,August,13.578,1905
1866,July,14.077,1905
1865,June,13.112,1905
1864,May,10.982,1905
1863,April,7.754999999999999,1905
1862,March,4.635,1905
1861,February,1.927,1905
1860,January,2.254,1905
1859,December,3.374,1904
1858,November,6.23,1904
1857,October,8.833,1904
1856,September,11.380999999999998,1904
1855,August,13.459,1904
1854,July,13.836,1904
1853,June,13.014,1904
1852,May,10.84,1904
1851,April,7.683999999999998,1904
1850,March,4.506,1904
1849,February,2.2969999999999997,1904
1848,January,1.6369999999999998,1904
1847,December,2.898,1903
1846,November,5.516,1903
1845,October,8.812000000000001,1903
1844,September,11.501,1903
1843,August,13.412,1903
1842,July,13.992,1903
1841,June,12.886,1903
1840,May,10.794,1903
1839,April,7.831999999999999,1903
1838,March,4.93,1903
1837,February,3.555,1903
1836,January,2.514,1903
1835,December,2.713,1902
1834,November,5.274,1902
1833,October,8.801,1902
1832,September,11.799,1902
1831,August,13.599,1902
1830,July,14.231,1902
1829,June,13.214,1902
1828,May,10.893,1902
1827,April,7.955999999999999,1902
1826,March,4.883,1902
1825,February,3.606,1902
1824,January,2.6839999999999997,1902
1823,December,3.335,1901
1822,November,5.976,1901
1821,October,9.003,1901
1820,September,11.984000000000002,1901
1819,August,13.789,1901
1818,July,14.339,1901
1817,June,13.423,1901
1816,May,11.178,1901
1815,April,8.522,1901
1814,March,5.671,1901
1813,February,3.092,1901
1812,January,2.1910000000000003,1901
1811,December,3.655,1900
1810,November,5.803999999999999,1900
1809,October,9.666,1900
1808,September,11.955,1900
1807,August,13.816,1900
1806,July,14.171,1900
1805,June,13.293,1900
1804,May,11.385,1900
1803,April,8.222999999999999,1900
1802,March,5.492000000000001,1900
1801,February,3.0980000000000003,1900
1800,January,1.461,1900
1799,December,3.005,1899
1798,November,6.605,1899
1797,October,9.409,1899
1796,September,12.127999999999998,1899
1795,August,13.777,1899
1794,July,14.159,1899
1793,June,12.856,1899
1792,May,11.023,1899
1791,April,8.280999999999999,1899
1790,March,4.618,1899
1789,February,2.38,1899
1788,January,2.515,1899
1787,December,3.407,1898
1786,November,5.452000000000001,1898
1785,October,8.828,1898
1784,September,11.752999999999998,1898
1783,August,13.579,1898
1782,July,14.138,1898
1781,June,13.395,1898
1780,May,10.835,1898
1779,April,7.906999999999999,1898
1778,March,3.751,1898
1777,February,2.354,1898
1776,January,2.737,1898
1775,December,3.1710000000000003,1897
1774,November,5.6080000000000005,1897
1773,October,9.197,1897
1772,September,11.925,1897
1771,August,13.668,1897
1770,July,14.31,1897
1769,June,13.319,1897
1768,May,11.377,1897
1767,April,8.277999999999999,1897
1766,March,4.345,1897
1765,February,2.4290000000000003,1897
1764,January,1.893,1897
1763,December,3.312,1896
1762,November,5.3660000000000005,1896
1761,October,9.416,1896
1760,September,11.824000000000002,1896
1759,August,13.624,1896
1758,July,14.233,1896
1757,June,13.303999999999998,1896
1756,May,10.893,1896
1755,April,7.329999999999999,1896
1754,March,4.279,1896
1753,February,2.707,1896
1752,January,2.291,1896
1751,December,3.462,1895
1750,November,5.744,1895
1749,October,9.117,1895
1748,September,11.743,1895
1747,August,13.489,1895
1746,July,14.053,1895
1745,June,13.058,1895
1744,May,10.867,1895
1743,April,8.247,1895
1742,March,4.689,1895
1741,February,2.0,1895
1740,January,1.2950000000000002,1895
1739,December,3.133,1894
1738,November,5.405,1894
1737,October,9.125,1894
1736,September,11.579999999999998,1894
1735,August,13.488,1894
1734,July,14.004,1894
1733,June,12.858,1894
1732,May,10.944,1894
1731,April,7.6629999999999985,1894
1730,March,5.118,1894
1729,February,2.923,1894
1728,January,1.6909999999999998,1894
1727,December,3.155,1893
1726,November,5.902,1893
1725,October,9.16,1893
1724,September,11.767,1893
1723,August,13.454,1893
1722,July,14.318,1893
1721,June,13.050999999999998,1893
1720,May,10.747,1893
1719,April,7.994,1893
1718,March,4.979,1893
1717,February,1.654,1893
1716,January,0.5,1893
1715,December,2.935,1892
1714,November,4.859,1892
1713,October,9.29,1892
1712,September,11.764,1892
1711,August,13.42,1892
1710,July,13.89,1892
1709,June,13.263,1892
1708,May,10.622,1892
1707,April,7.5619999999999985,1892
1706,March,4.362,1892
1705,February,2.805,1892
1704,January,2.018,1892
1703,December,3.602,1891
1702,November,5.115,1891
1701,October,8.722000000000001,1891
1700,September,11.763,1891
1699,August,13.496,1891
1698,July,13.93,1891
1697,June,12.888,1891
1696,May,10.785,1891
1695,April,7.6179999999999986,1891
1694,March,4.755,1891
1693,February,1.88,1891
1692,January,1.6780000000000002,1891
1691,December,2.969,1890
1690,November,5.03,1890
1689,October,9.178,1890
1688,September,11.546,1890
1687,August,13.265999999999998,1890
1686,July,14.034,1890
1685,June,12.872,1890
1684,May,10.464,1890
1683,April,7.738999999999999,1890
1682,March,4.21,1890
1681,February,2.516,1890
1680,January,1.836,1890
1679,December,3.099,1889
1678,November,4.9990000000000006,1889
1677,October,8.865,1889
1676,September,11.547,1889
1675,August,13.504,1889
1674,July,14.225,1889
1673,June,13.288,1889
1672,May,11.242,1889
1671,April,8.588999999999999,1889
1670,March,5.2989999999999995,1889
1669,February,3.409,1889
1668,January,1.7619999999999998,1889
1667,December,3.222,1888
1666,November,5.792000000000001,1888
1665,October,9.201,1888
1664,September,11.685,1888
1663,August,13.511,1888
1662,July,14.242,1888
1661,June,12.921,1888
1660,May,10.62,1888
1659,April,7.845,1888
1658,March,4.3,1888
1657,February,2.039,1888
1656,January,1.7080000000000002,1888
1655,December,2.875,1887
1654,November,5.5920000000000005,1887
1653,October,8.738,1887
1652,September,11.707,1887
1651,August,13.097,1887
1650,July,14.021,1887
1649,June,12.89,1887
1648,May,10.84,1887
1647,April,7.789,1887
1646,March,4.552,1887
1645,February,2.0540000000000003,1887
1644,January,0.8240000000000001,1887
1643,December,3.502,1886
1642,November,5.226,1886
1641,October,8.604,1886
1640,September,11.6,1886
1639,August,13.323,1886
1638,July,14.226,1886
1637,June,12.789,1886
1636,May,10.784,1886
1635,April,7.909,1886
1634,March,4.2620000000000005,1886
1633,February,1.793,1886
1632,January,1.436,1886
1631,December,3.644,1885
1630,November,5.425,1885
1629,October,8.722000000000001,1885
1628,September,11.435,1885
1627,August,13.351,1885
1626,July,13.972,1885
1625,June,12.716,1885
1624,May,10.567,1885
1623,April,7.3359999999999985,1885
1622,March,4.622,1885
1621,February,2.2430000000000003,1885
1620,January,1.003,1885
1619,December,3.028,1884
1618,November,5.164,1884
1617,October,8.581,1884
1616,September,11.235,1884
1615,August,13.257,1884
1614,July,13.622,1884
1613,June,12.527,1884
1612,May,10.198,1884
1611,April,7.185999999999999,1884
1610,March,3.892,1884
1609,February,2.474,1884
1608,January,2.12,1884
1607,December,3.261,1883
1606,November,4.905,1883
1605,October,8.908999999999997,1883
1604,September,11.343,1883
1603,August,13.224,1883
1602,July,14.011,1883
1601,June,13.302,1883
1600,May,10.832,1883
1599,April,7.690999999999999,1883
1598,March,4.928999999999999,1883
1597,February,1.856,1883
1596,January,1.4600000000000002,1883
1595,December,2.205,1882
1594,November,5.066,1882
1593,October,8.445,1882
1592,September,11.736,1882
1591,August,13.703,1882
1590,July,13.747,1882
1589,June,12.805,1882
1588,May,10.888,1882
1587,April,7.690999999999999,1882
1586,March,5.04,1882
1585,February,3.2310000000000003,1882
1584,January,2.99,1882
1583,December,3.196,1881
1582,November,5.272,1881
1581,October,8.850999999999997,1881
1580,September,11.689,1881
1579,August,13.71,1881
1578,July,14.203,1881
1577,June,12.745,1881
1576,May,11.165,1881
1575,April,8.322999999999999,1881
1574,March,5.01,1881
1573,February,2.6260000000000003,1881
1572,January,2.4610000000000003,1881
1571,December,3.1060000000000003,1880
1570,November,5.893,1880
1569,October,8.673,1880
1568,September,11.386,1880
1567,August,13.807,1880
1566,July,14.140999999999998,1880
1565,June,13.327,1880
1564,May,11.095999999999998,1880
1563,April,7.558999999999998,1880
1562,March,4.63,1880
1561,February,2.052,1880
1560,January,1.755,1880
1559,December,2.5380000000000003,1879
1558,November,5.526,1879
1557,October,9.229,1879
1556,September,11.449000000000002,1879
1555,August,13.245,1879
1554,July,14.238,1879
1553,June,13.23,1879
1552,May,10.803,1879
1551,April,7.767999999999999,1879
1550,March,4.9239999999999995,1879
1549,February,2.737,1879
1548,January,2.303,1879
1547,December,3.344,1878
1546,November,6.446000000000001,1878
1545,October,9.173,1878
1544,September,12.093,1878
1543,August,14.094,1878
1542,July,14.742,1878
1541,June,13.796,1878
1540,May,11.017,1878
1539,April,8.899,1878
1538,March,6.6080000000000005,1878
1537,February,3.728,1878
1536,January,2.0170000000000003,1878
1535,December,2.9960000000000004,1877
1534,November,6.348,1877
1533,October,9.273,1877
1532,September,12.075,1877
1531,August,14.151,1877
1530,July,14.642,1877
1529,June,13.384,1877
1528,May,11.056,1877
1527,April,8.039,1877
1526,March,5.297000000000001,1877
1525,February,2.928,1877
1524,January,2.286,1877
1523,December,2.194,1876
1522,November,5.093,1876
1521,October,8.946,1876
1520,September,11.687,1876
1519,August,13.481,1876
1518,July,14.319,1876
1517,June,13.130999999999998,1876
1516,May,10.69,1876
1515,April,8.199,1876
1514,March,4.748,1876
1513,February,2.617,1876
1512,January,1.856,1876
1511,December,2.665,1875
1510,November,4.614,1875
1509,October,8.584999999999999,1875
1508,September,11.319,1875
1507,August,13.401,1875
1506,July,14.144,1875
1505,June,13.157,1875
1504,May,10.746,1875
1503,April,7.635999999999999,1875
1502,March,4.256,1875
1501,February,2.259,1875
1500,January,1.533,1875
1499,December,3.407,1874
1498,November,5.809,1874
1497,October,9.12,1874
1496,September,12.111,1874
1495,August,13.815,1874
1494,July,14.122,1874
1493,June,13.306,1874
1492,May,11.306,1874
1491,April,8.231,1874
1490,March,4.221,1874
1489,February,3.069,1874
1488,January,2.685,1874
1487,December,3.846,1873
1486,November,5.819,1873
1485,October,9.234,1873
1484,September,11.486999999999998,1873
1483,August,13.755,1873
1482,July,14.287,1873
1481,June,13.405,1873
1480,May,11.005999999999998,1873
1479,April,7.462000000000001,1873
1478,March,4.704,1873
1477,February,3.195,1873
1476,January,2.013,1873
1475,December,2.627,1872
1474,November,5.372000000000001,1872
1473,October,9.24,1872
1472,September,11.957999999999998,1872
1471,August,13.821,1872
1470,July,14.285,1872
1469,June,13.055,1872
1468,May,11.198,1872
1467,April,7.845999999999999,1872
1466,March,4.922,1872
1465,February,2.35,1872
1464,January,1.652,1872
1463,December,3.1630000000000003,1871
1462,November,5.113,1871
1461,October,9.096,1871
1460,September,11.711,1871
1459,August,13.932,1871
1458,July,14.29,1871
1457,June,13.08,1871
1456,May,10.787999999999998,1871
1455,April,8.34,1871
1454,March,4.6850000000000005,1871
1453,February,1.736,1871
1452,January,1.4469999999999998,1871
1451,December,2.228,1870
1450,November,5.6,1870
1449,October,8.809999999999997,1870
1448,September,11.952,1870
1447,August,13.484000000000002,1870
1446,July,14.599,1870
1445,June,13.653,1870
1444,May,11.339,1870
1443,April,7.879,1870
1442,March,4.656000000000001,1870
1441,February,2.1340000000000003,1870
1440,January,2.082,1870
1439,December,2.7060000000000004,1869
1438,November,5.773,1869
1437,October,9.006,1869
1436,September,12.247,1869
1435,August,14.01,1869
1434,July,14.337,1869
1433,June,13.537,1869
1432,May,11.295,1869
1431,April,7.9209999999999985,1869
1430,March,4.3740000000000006,1869
1429,February,3.864,1869
1428,January,2.115,1869
1427,December,3.344,1868
1426,November,5.192,1868
1425,October,9.448,1868
1424,September,11.669,1868
1423,August,13.744000000000002,1868
1422,July,14.514,1868
1421,June,13.162,1868
1420,May,11.308,1868
1419,April,8.183,1868
1418,March,4.538,1868
1417,February,2.039,1868
1416,January,1.834,1868
1415,December,3.937,1867
1414,November,6.939,1867
1413,October,9.212,1867
1412,September,11.763,1867
1411,August,13.505999999999998,1867
1410,July,14.223,1867
1409,June,13.303,1867
1408,May,10.495,1867
1407,April,8.258,1867
1406,March,4.4540000000000015,1867
1405,February,2.664,1867
1404,January,2.482,1867
1403,December,4.152,1866
1402,November,5.8950000000000005,1866
1401,October,8.506,1866
1400,September,11.527,1866
1399,August,13.532,1866
1398,July,14.602,1866
1397,June,12.853,1866
1396,May,10.898,1866
1395,April,7.914,1866
1394,March,4.421,1866
1393,February,2.274,1866
1392,January,2.932,1866
1391,December,2.6460000000000004,1865
1390,November,6.144,1865
1389,October,9.136,1865
1388,September,11.797,1865
1387,August,13.58,1865
1386,July,14.22,1865
1385,June,13.214,1865
1384,May,10.917,1865
1383,April,7.313999999999999,1865
1382,March,4.039,1865
1381,February,2.1519999999999997,1865
1380,January,2.975,1865
1379,December,2.266,1864
1378,November,5.232,1864
1377,October,8.795,1864
1376,September,11.37,1864
1375,August,13.434,1864
1374,July,14.162,1864
1373,June,13.365,1864
1372,May,10.956,1864
1371,April,7.515,1864
1370,March,4.651,1864
1369,February,2.506,1864
1368,January,1.551,1864
1367,December,2.651,1863
1366,November,5.392,1863
1365,October,8.235,1863
1364,September,11.23,1863
1363,August,13.294,1863
1362,July,13.765,1863
1361,June,12.794,1863
1360,May,11.081,1863
1359,April,7.930999999999999,1863
1358,March,4.6819999999999995,1863
1357,February,3.253,1863
1356,January,3.0340000000000003,1863
1355,December,1.6230000000000002,1862
1354,November,4.792,1862
1353,October,8.283,1862
1352,September,11.028,1862
1351,August,13.188,1862
1350,July,13.928,1862
1349,June,12.86,1862
1348,May,10.739,1862
1347,April,7.322999999999999,1862
1346,March,4.485,1862
1345,February,1.769,1862
1344,January,0.685,1862
1343,December,2.8939999999999997,1861
1342,November,5.707000000000001,1861
1341,October,8.475,1861
1340,September,11.409,1861
1339,August,13.656,1861
1338,July,13.967,1861
1337,June,13.017,1861
1336,May,10.515999999999998,1861
1335,April,7.486999999999999,1861
1334,March,4.489,1861
1333,February,2.137,1861
1332,January,0.4040000000000004,1861
1331,December,1.634,1860
1330,November,5.027,1860
1329,October,8.712,1860
1328,September,11.892,1860
1327,August,13.765,1860
1326,July,14.203,1860
1325,June,13.271999999999998,1860
1324,May,11.062,1860
1323,April,7.76,1860
1322,March,3.494,1860
1321,February,2.6319999999999997,1860
1320,January,2.077,1860
1319,December,3.365,1859
1318,November,5.912000000000001,1859
1317,October,8.834,1859
1316,September,11.079999999999998,1859
1315,August,13.217,1859
1314,July,13.827,1859
1313,June,13.142,1859
1312,May,11.456,1859
1311,April,8.542,1859
1310,March,5.023,1859
1309,February,2.611,1859
1308,January,2.015,1859
1307,December,2.444,1858
1306,November,5.99,1858
1305,October,8.809999999999997,1858
1304,September,11.148,1858
1303,August,13.22,1858
1302,July,13.677,1858
1301,June,12.956,1858
1300,May,10.851,1858
1299,April,8.25,1858
1298,March,4.834,1858
1297,February,2.2840000000000003,1858
1296,January,2.739,1858
1295,December,3.515,1857
1294,November,5.236000000000001,1857
1293,October,8.198,1857
1292,September,11.056,1857
1291,August,13.203,1857
1290,July,13.953,1857
1289,June,12.611,1857
1288,May,9.885,1857
1287,April,6.826999999999999,1857
1286,March,4.312,1857
1285,February,2.481,1857
1284,January,1.821,1857
1283,December,3.381,1856
1282,November,5.36,1856
1281,October,8.087,1856
1280,September,10.948,1856
1279,August,13.021,1856
1278,July,14.019,1856
1277,June,13.496,1856
1276,May,10.53,1856
1275,April,7.750999999999999,1856
1274,March,4.372,1856
1273,February,2.226,1856
1272,January,2.76,1856
1271,December,2.214,1855
1270,November,5.186,1855
1269,October,8.443999999999999,1855
1268,September,11.140999999999998,1855
1267,August,13.547,1855
1266,July,13.925999999999998,1855
1265,June,12.984000000000002,1855
1264,May,11.186,1855
1263,April,8.58,1855
1262,March,4.617,1855
1261,February,2.982,1855
1260,January,2.522,1855
1259,December,3.457,1854
1258,November,5.745,1854
1257,October,9.763,1854
1256,September,11.514,1854
1255,August,13.889,1854
1254,July,14.692,1854
1253,June,12.829,1854
1252,May,11.095,1854
1251,April,7.622000000000001,1854
1250,March,4.698,1854
1249,February,1.941,1854
1248,January,1.281,1854
1247,December,2.858,1853
1246,November,4.783,1853
1245,October,8.535,1853
1244,September,11.71,1853
1243,August,13.953,1853
1242,July,14.645,1853
1241,June,13.41,1853
1240,May,10.975,1853
1239,April,7.540999999999999,1853
1238,March,4.078,1853
1237,February,2.228,1853
1236,January,1.786,1853
1235,December,3.785,1852
1234,November,4.593,1852
1233,October,8.91,1852
1232,September,11.478,1852
1231,August,13.304,1852
1230,July,14.512,1852
1229,June,13.164,1852
1228,May,11.169,1852
1227,April,7.486999999999999,1852
1226,March,3.884,1852
1225,February,2.54,1852
1224,January,2.3760000000000003,1852
1223,December,3.14,1851
1222,November,4.973,1851
1221,October,9.122,1851
1220,September,11.677,1851
1219,August,13.751,1851
1218,July,14.531,1851
1217,June,13.418,1851
1216,May,11.113,1851
1215,April,7.286999999999999,1851
1214,March,4.192,1851
1213,February,2.508,1851
1212,January,2.431,1851
1211,December,2.803,1850
1210,November,4.7330000000000005,1850
1209,October,8.091000000000001,1850
1208,September,11.505,1850
1207,August,14.039,1850
1206,July,14.492,1850
1205,June,13.15,1850
1204,May,10.004,1850
1203,April,7.217,1850
1202,March,4.954,1850
1201,February,3.071,1850
1200,January,0.7490000000000001,1850
1199,December,1.923,1849
1198,November,5.7780000000000005,1849
1197,October,8.889999999999997,1849
1196,September,11.093,1849
1195,August,13.603,1849
1194,July,14.458,1849
1193,June,13.0,1849
1192,May,10.159,1849
1191,April,7.028,1849
1190,March,5.3020000000000005,1849
1189,February,2.638,1849
1188,January,1.941,1849
1187,December,2.099,1848
1186,November,5.29,1848
1185,October,8.655,1848
1184,September,10.997,1848
1183,August,13.268,1848
1182,July,14.466,1848
1181,June,13.247,1848
1180,May,10.579999999999998,1848
1179,April,8.11,1848
1178,March,4.806,1848
1177,February,3.726,1848
1176,January,0.5100000000000002,1848
1175,December,1.7259999999999998,1847
1174,November,5.574,1847
1173,October,8.618,1847
1172,September,11.619000000000002,1847
1171,August,13.414,1847
1170,July,14.25,1847
1169,June,12.828,1847
1168,May,10.622,1847
1167,April,7.979999999999999,1847
1166,March,4.046,1847
1165,February,3.602,1847
1164,January,2.753,1847
1163,December,3.776,1846
1162,November,5.0440000000000005,1846
1161,October,8.229,1846
1160,September,11.738,1846
1159,August,14.121,1846
1158,July,14.923,1846
1157,June,13.53,1846
1156,May,10.896,1846
1155,April,7.472999999999999,1846
1154,March,6.314,1846
1153,February,3.3760000000000003,1846
1152,January,3.213,1846
1151,December,1.7359999999999998,1845
1150,November,5.194,1845
1149,October,7.781999999999999,1845
1148,September,11.234000000000002,1845
1147,August,13.556,1845
1146,July,14.319,1845
1145,June,12.863,1845
1144,May,10.433,1845
1143,April,8.158,1845
1142,March,4.651,1845
1141,February,1.6269999999999998,1845
1140,January,2.661,1845
1139,December,1.891,1844
1138,November,4.401,1844
1137,October,8.7,1844
1136,September,10.819,1844
1135,August,13.046,1844
1134,July,13.921,1844
1133,June,12.84,1844
1132,May,10.109,1844
1131,April,7.3889999999999985,1844
1130,March,4.734,1844
1129,February,2.0380000000000003,1844
1128,January,1.868,1844
1127,December,3.765,1843
1126,November,4.947,1843
1125,October,8.722000000000001,1843
1124,September,11.326,1843
1123,August,13.295,1843
1122,July,13.991,1843
1121,June,12.53,1843
1120,May,10.04,1843
1119,April,7.829999999999999,1843
1118,March,4.744,1843
1117,February,3.92,1843
1116,January,2.974,1843
1115,December,3.73,1842
1114,November,4.824,1842
1113,October,8.307,1842
1112,September,10.94,1842
1111,August,13.241,1842
1110,July,13.584,1842
1109,June,12.629,1842
1108,May,10.535,1842
1107,April,8.309999999999999,1842
1106,March,5.75,1842
1105,February,2.787,1842
1104,January,1.636,1842
1103,December,2.548,1841
1102,November,4.744,1841
1101,October,8.764999999999999,1841
1100,September,10.921,1841
1099,August,13.708,1841
1098,July,14.552,1841
1097,June,13.062,1841
1096,May,10.764,1841
1095,April,6.77,1841
1094,March,3.307,1841
1093,February,2.468,1841
1092,January,0.6490000000000002,1841
1091,December,1.909,1840
1090,November,4.101,1840
1089,October,7.505,1840
1088,September,11.01,1840
1087,August,13.086,1840
1086,July,14.714,1840
1085,June,13.411,1840
1084,May,11.173,1840
1083,April,7.943,1840
1082,March,4.04,1840
1081,February,2.1020000000000003,1840
1080,January,2.5610000000000004,1840
1079,December,1.0739999999999998,1839
1078,November,3.92,1839
1077,October,8.219,1839
1076,September,10.853,1839
1075,August,14.07,1839
1074,July,14.411,1839
1073,June,12.548,1839
1072,May,10.289,1839
1071,April,7.891999999999999,1839
1070,March,2.673,1839
1069,February,3.482,1839
1068,January,2.156,1839
1067,December,2.613,1838
1066,November,5.16,1838
1065,October,8.526,1838
1064,September,11.106,1838
1063,August,13.568,1838
1062,July,14.367,1838
1061,June,12.742,1838
1060,May,9.985,1838
1059,April,7.382999999999999,1838
1058,March,3.723,1838
1057,February,1.5630000000000002,1838
1056,January,-0.5569999999999999,1838
1055,December,2.285,1837
1054,November,4.1690000000000005,1837
1053,October,7.653,1837
1052,September,10.805,1837
1051,August,13.018,1837
1050,July,13.526,1837
1049,June,12.099,1837
1048,May,9.973,1837
1047,April,6.555999999999999,1837
1046,March,3.865,1837
1045,February,2.619,1837
1044,January,1.94,1837
1043,December,2.86,1836
1042,November,3.814,1836
1041,October,8.756,1836
1040,September,10.812,1836
1039,August,12.83,1836
1038,July,13.646,1836
1037,June,12.549,1836
1036,May,10.279000000000002,1836
1035,April,7.314999999999999,1836
1034,March,5.4479999999999995,1836
1033,February,2.371,1836
1032,January,1.67,1836
1031,December,1.198,1835
1030,November,4.312,1835
1029,October,7.834999999999999,1835
1028,September,9.942,1835
1027,August,12.322,1835
1026,July,13.129,1835
1025,June,12.007,1835
1024,May,10.171,1835
1023,April,7.768999999999999,1835
1022,March,4.507,1835
1021,February,2.967,1835
1020,January,2.551,1835
1019,December,3.092,1834
1018,November,6.355,1834
1017,October,8.616999999999999,1834
1016,September,11.571,1834
1015,August,13.412,1834
1014,July,14.197,1834
1013,June,12.799,1834
1012,May,11.234000000000002,1834
1011,April,8.084999999999999,1834
1010,March,5.736000000000001,1834
1009,February,2.329,1834
1008,January,0.3340000000000001,1834
1007,December,2.5580000000000003,1833
1006,November,6.596,1833
1005,October,7.899999999999999,1833
1004,September,11.236,1833
1003,August,13.222,1833
1002,July,13.803,1833
1001,June,13.049,1833
1000,May,10.581,1833
999,April,7.869,1833
998,March,4.521,1833
997,February,2.815,1833
996,January,2.006,1833
995,December,0.7819999999999996,1832
994,November,4.2620000000000005,1832
993,October,8.634,1832
992,September,10.425999999999998,1832
991,August,11.966,1832
990,July,13.727,1832
989,June,12.857,1832
988,May,10.489,1832
987,April,8.059,1832
986,March,4.65,1832
985,February,1.833,1832
984,January,1.717,1832
983,December,2.265,1831
982,November,4.412,1831
981,October,7.83,1831
980,September,9.946,1831
979,August,12.49,1831
978,July,13.58,1831
977,June,13.203,1831
976,May,10.994000000000002,1831
975,April,7.731,1831
974,March,4.558,1831
973,February,2.479,1831
972,January,2.182,1831
971,December,4.481,1830
970,November,7.492999999999999,1830
969,October,7.9929999999999986,1830
968,September,10.54,1830
967,August,13.386,1830
966,July,14.942,1830
965,June,12.827,1830
964,May,10.202,1830
963,April,8.841000000000001,1830
962,March,4.4540000000000015,1830
961,February,4.085,1830
960,January,2.9570000000000003,1830
959,December,2.452,1829
958,November,5.003,1829
957,October,8.806000000000001,1829
956,September,10.598,1829
955,August,13.399,1829
954,July,14.225,1829
953,June,12.86,1829
952,May,11.336,1829
951,April,7.814999999999999,1829
950,March,5.061,1829
949,February,1.715,1829
948,January,2.032,1829
947,December,2.9530000000000003,1828
946,November,5.957000000000001,1828
945,October,8.655999999999999,1828
944,September,10.079999999999998,1828
943,August,13.635,1828
942,July,14.384,1828
941,June,14.124,1828
940,May,11.281,1828
939,April,8.737,1828
938,March,5.729,1828
937,February,1.853,1828
936,January,0.5950000000000002,1828
935,December,2.722,1827
934,November,6.279,1827
933,October,8.51,1827
932,September,10.883,1827
931,August,13.694,1827
930,July,14.684,1827
929,June,13.548,1827
928,May,11.807,1827
927,April,9.428999999999998,1827
926,March,6.141,1827
925,February,4.415,1827
924,January,3.593,1827
923,December,4.876,1826
922,November,6.6339999999999995,1826
921,October,8.459,1826
920,September,11.178,1826
919,August,13.109000000000002,1826
918,July,14.482,1826
917,June,13.02,1826
916,May,11.803999999999998,1826
915,April,8.402999999999999,1826
914,March,4.888,1826
913,February,1.533,1826
912,January,1.893,1826
911,December,3.037,1825
910,November,6.058,1825
909,October,7.978999999999999,1825
908,September,11.148,1825
907,August,13.269,1825
906,July,14.007,1825
905,June,13.765,1825
904,May,10.751,1825
903,April,8.988,1825
902,March,5.365,1825
901,February,3.092,1825
900,January,3.213,1825
899,December,5.0760000000000005,1824
898,November,5.877000000000001,1824
897,October,8.197000000000001,1824
896,September,11.528,1824
895,August,13.437,1824
894,July,14.83,1824
893,June,13.427,1824
892,May,11.132,1824
891,April,8.375,1824
890,March,5.357,1824
889,February,2.679,1824
888,January,2.651,1824
887,December,1.971,1823
886,November,4.508,1823
885,October,7.641999999999999,1823
884,September,10.198,1823
883,August,13.13,1823
882,July,14.197,1823
881,June,13.958,1823
880,May,10.563,1823
879,April,7.664999999999999,1823
878,March,5.0680000000000005,1823
877,February,1.966,1823
876,January,1.758,1823
875,December,1.0210000000000004,1822
874,November,4.501,1822
873,October,7.773999999999999,1822
872,September,10.695,1822
871,August,13.215,1822
870,July,14.212,1822
869,June,13.067,1822
868,May,10.486,1822
867,April,8.277999999999999,1822
866,March,7.787000000000001,1822
865,February,4.465,1822
864,January,2.759,1822
863,December,2.717,1821
862,November,5.601,1821
861,October,8.535,1821
860,September,10.178,1821
859,August,13.145,1821
858,July,13.039,1821
857,June,12.608,1821
856,May,11.3,1821
855,April,7.738999999999999,1821
854,March,5.462000000000001,1821
853,February,3.758,1821
852,January,2.9989999999999997,1821
851,December,1.273,1820
850,November,4.4430000000000005,1820
849,October,7.587999999999999,1820
848,September,11.16,1820
847,August,11.978,1820
846,July,13.311,1820
845,June,13.323,1820
844,May,11.62,1820
843,April,8.7,1820
842,March,4.618,1820
841,February,2.145,1820
840,January,1.236,1820
839,December,1.842,1819
838,November,5.15,1819
837,October,9.312,1819
836,September,10.893999999999998,1819
835,August,12.557,1819
834,July,13.038,1819
833,June,12.526,1819
832,May,9.851,1819
831,April,7.029,1819
830,March,2.931,1819
829,February,2.286,1819
828,January,1.0140000000000002,1819
827,December,2.507,1818
826,November,5.035,1818
825,October,6.654,1818
824,September,10.578,1818
823,August,13.166,1818
822,July,13.51,1818
821,June,13.825,1818
820,May,11.247,1818
819,April,9.901,1818
818,March,5.565,1818
817,February,0.7549999999999999,1818
816,January,1.2040000000000002,1818
815,December,0.1699999999999999,1817
814,November,4.638,1817
813,October,6.2029999999999985,1817
812,September,8.812000000000001,1817
811,August,13.403,1817
810,July,12.072,1817
809,June,11.287,1817
808,May,9.476,1817
807,April,7.8889999999999985,1817
806,March,4.569,1817
805,February,3.649,1817
804,January,1.54,1817
803,December,0.9580000000000002,1816
802,November,4.058,1816
801,October,5.699,1816
800,September,10.39,1816
799,August,12.57,1816
798,July,12.267,1816
797,June,11.79,1816
796,May,10.594,1816
795,April,7.606,1816
794,March,3.905,1816
793,February,0.6759999999999997,1816
792,January,2.737,1816
791,December,1.2209999999999996,1815
790,November,4.178,1815
789,October,7.1370000000000005,1815
788,September,11.151,1815
787,August,13.209,1815
786,July,14.394,1815
785,June,11.162,1815
784,May,9.845,1815
783,April,6.587999999999999,1815
782,March,3.663,1815
781,February,2.273,1815
780,January,2.051,1815
779,December,5.8290000000000015,1814
778,November,6.739,1814
777,October,7.374,1814
776,September,10.675999999999998,1814
775,August,12.668,1814
774,July,12.532,1814
773,June,12.818,1814
772,May,9.417,1814
771,April,7.193,1814
770,March,2.664,1814
769,February,1.689,1814
768,January,1.5020000000000002,1814
767,December,2.171,1813
766,November,6.825,1813
765,October,8.666,1813
764,September,12.339,1813
763,August,13.097,1813
762,July,14.521,1813
761,June,13.242,1813
760,May,11.367,1813
759,April,8.181999999999999,1813
758,March,1.596,1813
757,February,2.258,1813
756,January,-1.3849999999999998,1813
755,December,1.348,1812
754,November,4.369,1812
753,October,7.593,1812
752,September,10.185,1812
751,August,15.018,1812
750,July,14.355,1812
749,June,12.005,1812
748,May,9.579999999999998,1812
747,April,6.949999999999998,1812
746,March,2.044,1812
745,February,0.1310000000000002,1812
744,January,0.977,1812
743,December,3.174,1811
742,November,3.503,1811
741,October,6.58,1811
740,September,10.368,1811
739,August,13.326,1811
738,July,11.956,1811
737,June,12.137,1811
736,May,9.443,1811
735,April,6.3020000000000005,1811
734,March,3.701,1811
733,February,0.4500000000000002,1811
732,January,1.374,1811
731,December,2.66,1810
730,November,3.827,1810
729,October,6.632000000000001,1810
728,September,9.532,1810
727,August,12.041,1810
726,July,12.550999999999998,1810
725,June,11.934,1810
724,May,9.069,1810
723,April,6.533,1810
722,March,5.013999999999999,1810
721,February,2.391,1810
720,January,0.8880000000000001,1810
719,December,2.077,1809
718,November,3.099,1809
717,October,8.65,1809
716,September,10.967,1809
715,August,12.905,1809
714,July,12.656,1809
713,June,12.998,1809
712,May,9.243,1809
711,April,7.832999999999998,1809
710,March,3.425,1809
709,February,0.8559999999999999,1809
708,January,0.2080000000000001,1809
707,December,0.887,1808
706,November,4.5120000000000005,1808
705,October,7.971999999999999,1808
704,September,12.711,1808
703,August,13.047,1808
702,July,14.491,1808
701,June,13.428999999999998,1808
700,May,9.357,1808
699,April,7.481999999999998,1808
698,March,4.361000000000001,1808
697,February,2.142,1808
696,January,1.131,1808
695,December,4.4209999999999985,1807
694,November,6.015,1807
693,October,8.857000000000001,1807
692,September,12.614999999999998,1807
691,August,13.799,1807
690,July,14.138,1807
689,June,13.293,1807
688,May,9.331,1807
687,April,6.970999999999999,1807
686,March,4.788,1807
685,February,4.093999999999999,1807
684,January,1.0550000000000002,1807
683,December,3.989,1806
682,November,5.231,1806
681,October,8.426,1806
680,September,12.549,1806
679,August,14.593,1806
678,July,13.923,1806
677,June,12.418,1806
676,May,11.503,1806
675,April,8.032,1806
674,March,4.691,1806
673,February,2.937,1806
672,January,2.9170000000000003,1806
671,December,4.158,1805
670,November,4.555,1805
669,October,7.635999999999999,1805
668,September,12.039,1805
667,August,15.27,1805
666,July,14.702,1805
665,June,14.027,1805
664,May,11.104,1805
663,April,8.123,1805
662,March,5.76,1805
661,February,2.557,1805
660,January,2.822,1805
659,December,2.224,1804
658,November,7.132000000000001,1804
657,October,9.282,1804
656,September,12.468,1804
655,August,14.511,1804
654,July,15.774,1804
653,June,13.774,1804
652,May,12.107,1804
651,April,10.057,1804
650,March,4.425,1804
649,February,1.939,1804
648,January,2.4450000000000003,1804
647,December,2.327,1803
646,November,5.961,1803
645,October,9.119,1803
644,September,12.33,1803
643,August,15.366,1803
642,July,15.106,1803
641,June,13.821,1803
640,May,11.795,1803
639,April,9.291,1803
638,March,4.875,1803
637,February,1.443,1803
636,January,0.6019999999999999,1803
635,December,2.881,1802
634,November,5.535,1802
633,October,9.747,1802
632,September,11.787999999999998,1802
631,August,14.039,1802
630,July,14.628,1802
629,June,14.470999999999998,1802
628,May,10.457,1802
627,April,7.622999999999998,1802
626,March,5.2010000000000005,1802
625,February,2.8280000000000003,1802
624,January,3.74,1802
623,December,4.5779999999999985,1801
622,November,5.72,1801
621,October,9.099,1801
620,September,11.462,1801
619,August,13.187,1801
618,July,14.675999999999998,1801
617,June,12.536,1801
616,May,12.123,1801
615,April,7.404,1801
614,March,6.455,1801
613,February,3.1489999999999996,1801
612,January,2.6870000000000003,1801
611,December,3.864,1800
610,November,5.572,1800
609,October,9.469,1800
608,September,10.795,1800
607,August,13.619000000000002,1800
606,July,13.763,1800
605,June,13.606,1800
604,May,11.097,1800
603,April,9.125,1800
602,March,4.452,1800
601,February,3.634,1800
600,January,2.815,1800
599,December,3.487,1799
598,November,5.904,1799
597,October,9.606,1799
596,September,12.311,1799
595,August,14.086,1799
594,July,14.869000000000002,1799
593,June,13.68,1799
592,May,11.353,1799
591,April,8.786,1799
590,March,3.986,1799
589,February,2.0780000000000003,1799
588,January,1.923,1799
587,December,2.027,1798
586,November,6.031000000000001,1798
585,October,8.655,1798
584,September,11.627,1798
583,August,14.754,1798
582,July,14.951,1798
581,June,13.246,1798
580,May,11.768999999999998,1798
579,April,8.083,1798
578,March,7.007999999999999,1798
577,February,3.213,1798
576,January,2.6790000000000003,1798
575,December,3.275,1797
574,November,4.777,1797
573,October,9.191,1797
572,September,12.459,1797
571,August,14.04,1797
570,July,14.107,1797
569,June,13.852,1797
568,May,10.417,1797
567,April,6.6,1797
566,March,4.056,1797
565,February,4.957,1797
564,January,4.396,1797
563,December,1.259,1796
562,November,5.702000000000001,1796
561,October,8.924,1796
560,September,12.012,1796
559,August,14.722,1796
558,July,14.314,1796
557,June,14.216,1796
556,May,11.273,1796
555,April,7.773,1796
554,March,3.477,1796
553,February,2.736,1796
552,January,2.8440000000000003,1796
551,December,2.573,1795
550,November,5.207000000000001,1795
549,October,7.786,1795
548,September,11.133,1795
547,August,13.14,1795
546,July,14.295,1795
545,June,13.293,1795
544,May,11.029000000000002,1795
543,April,8.918,1795
542,March,5.709,1795
541,February,4.39,1795
540,January,2.7310000000000003,1795
539,December,2.918,1794
538,November,5.284,1794
537,October,9.108,1794
536,September,11.896,1794
535,August,13.484000000000002,1794
534,July,12.874,1794
533,June,11.994000000000002,1794
532,May,12.376,1794
531,April,9.367,1794
530,March,5.696000000000001,1794
529,February,3.605,1794
528,January,3.71,1794
527,December,2.037,1793
526,November,5.666,1793
525,October,8.392999999999999,1793
524,September,12.002,1793
523,August,13.16,1793
522,July,14.336,1793
521,June,13.146,1793
520,May,11.059,1793
519,April,8.642999999999999,1793
518,March,5.042,1793
517,February,4.745,1793
516,January,0.5209999999999999,1793
515,December,3.388,1792
514,November,5.306,1792
513,October,8.097000000000001,1792
512,September,12.491,1792
511,August,12.281,1792
510,July,14.212,1792
509,June,13.581,1792
508,May,11.321,1792
507,April,7.994,1792
506,March,4.428999999999999,1792
505,February,3.62,1792
504,January,0.3480000000000003,1792
503,December,3.526,1791
502,November,6.206,1791
501,October,8.08,1791
500,September,11.677,1791
499,August,13.744000000000002,1791
498,July,13.612,1791
497,June,13.231,1791
496,May,9.859,1791
495,April,9.127,1791
494,March,4.79,1791
493,February,3.466,1791
492,January,1.493,1791
491,December,2.755,1790
490,November,5.331,1790
489,October,8.577,1790
488,September,11.233,1790
487,August,13.925,1790
486,July,13.812,1790
485,June,13.746,1790
484,May,10.357,1790
483,April,6.052999999999999,1790
482,March,4.582,1790
481,February,2.9730000000000003,1790
480,January,2.444,1790
479,December,3.099,1789
478,November,5.9639999999999995,1789
477,October,7.39,1789
476,September,12.018,1789
475,August,13.84,1789
474,July,15.462,1789
473,June,13.507,1789
472,May,11.666,1789
471,April,7.693999999999999,1789
470,March,3.989,1789
469,February,1.675,1789
468,January,3.706,1789
467,December,1.2519999999999998,1788
466,November,6.111000000000001,1788
465,October,9.349,1788
464,September,11.699000000000002,1788
463,August,13.885,1788
462,July,16.468,1788
461,June,13.808,1788
460,May,10.428,1788
459,April,8.713999999999999,1788
458,March,5.336,1788
457,February,3.5810000000000004,1788
456,January,0.7350000000000001,1788
455,December,1.7959999999999998,1787
454,November,5.801,1787
453,October,7.7719999999999985,1787
452,September,10.357,1787
451,August,13.555,1787
450,July,13.451,1787
449,June,14.369000000000002,1787
448,May,11.403,1787
447,April,7.7719999999999985,1787
446,March,4.698,1787
445,February,2.563,1787
444,January,2.845,1787
443,December,0.7339999999999995,1786
442,November,5.7410000000000005,1786
441,October,7.712000000000001,1786
440,September,12.158,1786
439,August,14.455,1786
438,July,15.294,1786
437,June,13.035,1786
436,May,11.582999999999998,1786
435,April,9.318,1786
434,March,5.648,1786
433,February,2.657,1786
432,January,0.7630000000000001,1786
431,December,1.873,1785
430,November,5.526,1785
429,October,7.350999999999999,1785
428,September,10.497,1785
427,August,14.466,1785
426,July,14.468,1785
425,June,13.744000000000002,1785
424,May,9.853,1785
423,April,6.379,1785
422,March,2.289,1785
421,February,1.045,1785
420,January,0.865,1785
419,December,3.415,1784
418,November,4.5569999999999995,1784
417,October,6.8359999999999985,1784
416,September,10.265999999999998,1784
415,August,15.861,1784
414,July,14.947,1784
413,June,12.803,1784
412,May,10.013,1784
411,April,8.142000000000001,1784
410,March,3.919,1784
409,February,0.989,1784
408,January,2.596,1784
407,December,2.224,1783
406,November,2.1959999999999997,1783
405,October,7.356999999999998,1783
404,September,9.957999999999998,1783
403,August,13.970999999999998,1783
402,July,13.069,1783
401,June,14.34,1783
400,May,11.819,1783
399,April,8.574,1783
398,March,4.7989999999999995,1783
397,February,5.2940000000000005,1783
396,January,-1.4310000000000005,1783
395,December,1.921,1782
394,November,4.956,1782
393,October,8.978,1782
392,September,12.398,1782
391,August,15.683,1782
390,July,13.925,1782
389,June,13.800999999999998,1782
388,May,10.989999999999998,1782
387,April,8.617999999999999,1782
386,March,2.565,1782
385,February,0.6389999999999998,1782
384,January,0.3410000000000002,1782
383,December,3.2880000000000003,1781
382,November,7.523,1781
381,October,8.546999999999999,1781
380,September,10.303999999999998,1781
379,August,14.140999999999998,1781
378,July,14.285,1781
377,June,11.678,1781
376,May,11.102,1781
375,April,6.922999999999999,1781
374,March,4.772,1781
373,February,2.267,1781
372,January,2.401,1781
371,December,2.5839999999999996,1780
370,November,6.706,1780
369,October,9.376,1780
368,September,8.844,1780
367,August,12.947,1780
366,July,16.183,1780
365,June,14.747,1780
364,May,15.756999999999998,1780
363,April,13.732,1780
362,March,5.724,1780
361,February,4.08,1780
360,January,2.515,1780
359,December,2.269,1779
358,November,5.7700000000000005,1779
357,October,9.35,1779
356,September,12.683,1779
355,August,13.799,1779
354,July,13.659,1779
353,June,12.547,1779
352,May,14.18,1779
351,April,9.965,1779
350,March,6.9670000000000005,1779
349,February,5.14,1779
348,January,1.4700000000000002,1779
347,December,2.101,1778
346,November,3.854,1778
345,October,8.049,1778
344,September,13.377,1778
343,August,12.869000000000002,1778
342,July,15.037,1778
341,June,11.731,1778
340,May,11.286,1778
339,April,10.983999999999998,1778
338,March,4.604,1778
337,February,6.0939999999999985,1778
336,January,2.521,1778
335,December,3.0669999999999997,1777
334,November,5.529,1777
333,October,6.956,1777
332,September,11.379,1777
331,August,12.815,1777
330,July,12.743,1777
329,June,12.323,1777
328,May,11.389,1777
327,April,6.361999999999999,1777
326,March,5.572,1777
325,February,4.9190000000000005,1777
324,January,6.021000000000001,1777
323,December,5.021,1776
322,November,5.87,1776
321,October,8.059999999999999,1776
320,September,10.602,1776
319,August,14.837,1776
318,July,14.108,1776
317,June,14.564,1776
316,May,10.475,1776
315,April,7.439999999999999,1776
314,March,4.652,1776
313,February,4.825,1776
312,January,-0.8059999999999999,1776
311,December,1.2839999999999998,1775
310,November,8.179,1775
309,October,10.372,1775
308,September,11.095999999999998,1775
307,August,14.435,1775
306,July,14.719,1775
305,June,12.314,1775
304,May,11.399,1775
303,April,7.951999999999999,1775
302,March,7.759,1775
301,February,6.4270000000000005,1775
300,January,4.261,1775
299,December,0.31,1774
298,November,3.029,1774
297,October,8.59,1774
296,September,10.936,1774
295,August,14.099,1774
294,July,16.521,1774
293,June,15.371,1774
292,May,16.025,1774
291,April,10.153,1774
290,March,5.643,1774
289,February,4.914,1774
288,January,-0.3249999999999997,1774
287,December,5.090999999999998,1773
286,November,3.369,1773
285,October,9.206,1773
284,September,12.488,1773
283,August,13.624,1773
282,July,14.484000000000002,1773
281,June,12.811,1773
280,May,12.764,1773
279,April,9.415,1773
278,March,4.4220000000000015,1773
277,February,1.4209999999999998,1773
276,January,-0.4369999999999998,1773
275,December,5.5120000000000005,1772
274,November,7.736000000000001,1772
273,October,9.268,1772
272,September,10.303,1772
271,August,14.098,1772
270,July,14.581,1772
269,June,12.646999999999998,1772
268,May,9.531,1772
267,April,8.857999999999997,1772
266,March,3.057,1772
265,February,1.4780000000000002,1772
264,January,1.253,1772
263,December,2.522,1771
262,November,4.916,1771
261,October,10.317,1771
260,September,11.363,1771
259,August,14.204,1771
258,July,13.828,1771
257,June,14.104,1771
256,May,9.626,1771
255,April,5.716999999999999,1771
254,March,2.8139999999999996,1771
253,February,-0.2739999999999999,1771
252,January,5.101,1771
251,December,4.734,1770
250,November,5.791,1770
249,October,8.661,1770
248,September,10.724,1770
247,August,11.413,1770
246,July,11.621,1770
245,June,11.884,1770
244,May,9.996,1770
243,April,9.788,1770
242,March,1.612,1770
241,February,4.105,1770
240,January,1.974,1770
239,December,-0.9780000000000002,1769
238,November,2.79,1769
237,October,5.296999999999999,1769
236,September,11.25,1769
235,August,13.494000000000002,1769
234,July,14.461,1769
233,June,15.142,1769
232,May,12.873,1769
231,April,8.966999999999997,1769
230,March,4.57,1769
229,February,2.164,1769
228,January,2.305,1769
227,December,2.667,1768
226,November,4.581,1768
225,October,7.728999999999999,1768
224,September,10.824000000000002,1768
223,August,12.352,1768
222,July,13.875,1768
221,June,12.489999999999998,1768
220,May,9.066,1768
219,April,6.92,1768
218,March,2.4459999999999997,1768
217,February,0.5060000000000002,1768
216,January,-2.08,1768
215,December,1.189,1767
214,November,7.915,1767
213,October,9.027,1767
212,September,11.675,1767
211,August,14.597,1767
210,July,13.361,1767
209,June,14.112,1767
208,May,10.193,1767
207,April,6.278,1767
206,March,7.022,1767
205,February,3.932,1767
204,January,-0.6430000000000002,1767
203,December,2.333,1766
202,November,7.4540000000000015,1766
201,October,8.465,1766
200,September,12.25,1766
199,August,13.758,1766
198,July,13.555,1766
197,June,13.653,1766
196,May,11.228,1766
195,April,8.007,1766
194,March,6.062,1766
193,February,4.896,1766
192,January,-0.7930000000000001,1766
191,December,2.399,1765
190,November,5.603,1765
189,October,7.904,1765
188,September,10.993,1765
187,August,13.12,1765
186,July,13.953,1765
185,June,10.832999999999998,1765
184,May,10.734000000000002,1765
183,April,9.013,1765
182,March,6.859,1765
181,February,3.832,1765
180,January,3.78,1765
179,December,5.315,1764
178,November,5.791,1764
177,October,10.011,1764
176,September,10.696,1764
175,August,12.282,1764
174,July,12.507,1764
173,June,11.723,1764
172,May,11.175,1764
171,April,7.879999999999999,1764
170,March,5.521,1764
169,February,6.162000000000001,1764
168,January,1.741,1764
167,December,3.384,1763
166,November,4.588,1763
165,October,5.535,1763
164,September,11.378,1763
163,August,14.126,1763
162,July,16.391,1763
161,June,12.271,1763
160,May,10.701,1763
159,April,7.870999999999999,1763
158,March,1.5760000000000003,1763
157,February,0.7709999999999999,1763
156,January,1.3690000000000002,1763
155,December,3.123,1762
154,November,6.367000000000001,1762
153,October,6.156000000000001,1762
152,September,10.326,1762
151,August,13.992,1762
150,July,14.72,1762
149,June,13.499,1762
148,May,10.880999999999998,1762
147,April,9.019,1762
146,March,3.5280000000000005,1762
145,February,4.801,1762
144,January,6.8660000000000005,1762
143,December,-0.8370000000000002,1761
142,November,5.0889999999999995,1761
141,October,7.2269999999999985,1761
140,September,12.534999999999998,1761
139,August,15.331,1761
138,July,19.021,1761
137,June,16.820999999999998,1761
136,May,13.451,1761
135,April,7.321000000000001,1761
134,March,5.976,1761
133,February,2.735,1761
132,January,0.6000000000000001,1761
131,December,2.553,1760
130,November,5.436,1760
129,October,6.7010000000000005,1760
128,September,11.197,1760
127,August,13.917,1760
126,July,12.887,1760
125,June,11.945,1760
124,May,10.661,1760
123,April,7.435999999999999,1760
122,March,1.864,1760
121,February,2.436,1760
120,January,-0.8109999999999999,1760
119,December,0.2469999999999999,1759
118,November,4.268000000000002,1759
117,October,8.267000000000001,1759
116,September,12.626,1759
115,August,14.587,1759
114,July,12.526,1759
113,June,13.512,1759
112,May,10.189,1759
111,April,5.983,1759
110,March,4.52,1759
109,February,4.082,1759
108,January,5.013999999999999,1759
107,December,3.249,1758
106,November,6.955,1758
105,October,1.8939999999999992,1758
104,September,10.028,1758
103,August,11.818,1758
102,July,13.847,1758
101,June,13.139,1758
100,May,9.715,1758
99,April,7.209999999999999,1758
98,March,3.765,1758
97,February,0.8059999999999999,1758
96,January,-1.5029999999999997,1758
95,December,1.0210000000000004,1757
94,November,4.032,1757
93,October,6.481999999999998,1757
92,September,14.852,1757
91,August,17.91,1757
90,July,17.61,1757
89,June,17.115,1757
88,May,13.039,1757
87,April,8.245999999999999,1757
86,March,4.529,1757
85,February,3.704,1757
84,January,-0.2760000000000002,1757
83,December,2.165,1756
82,November,4.225,1756
81,October,7.3119999999999985,1756
80,September,12.652,1756
79,August,13.437,1756
78,July,13.906,1756
77,June,14.547,1756
76,May,14.163999999999998,1756
75,April,10.042,1756
74,March,4.192,1756
73,February,5.666,1756
72,January,3.887,1756
71,December,2.5639999999999996,1755
70,November,5.957999999999999,1755
69,October,9.97,1755
68,September,11.773,1755
67,August,13.515,1755
66,July,14.397,1755
65,June,15.38,1755
64,May,12.880999999999998,1755
63,April,9.263,1755
62,March,3.607,1755
61,February,-0.1080000000000001,1755
60,January,1.067,1755
59,December,4.587,1754
58,November,6.1610000000000005,1754
57,October,9.582,1754
56,September,11.129,1754
55,August,13.556,1754
54,July,14.681,1754
53,June,14.388,1754
52,May,11.936,1754
51,April,11.61,1754
50,March,3.677,1754
49,February,-1.2489999999999997,1754
48,January,1.574,1754
47,December,0.5589999999999997,1753
46,November,5.353,1753
45,October,8.962,1753
44,September,13.322,1753
43,August,14.148,1753
42,July,15.092,1753
41,June,14.585,1753
40,May,12.186,1753
39,April,8.272,1753
38,March,5.4239999999999995,1753
37,February,0.7149999999999999,1753
36,January,2.039,1753
35,December,5.086,1752
34,November,7.335,1752
33,October,7.838999999999999,1752
32,September,,1752
31,August,,1752
30,July,,1752
29,June,,1752
28,May,,1752
27,April,8.264999999999999,1752
26,March,5.806,1752
25,February,,1752
24,January,0.3480000000000003,1752
23,December,,1751
22,November,,1751
21,October,,1751
20,September,10.673,1751
19,August,14.405,1751
18,July,,1751
17,June,13.827,1751
16,May,,1751
15,April,7.67,1751
14,March,5.8,1751
13,February,0.963,1751
12,January,2.495,1751
11,December,2.772,1750
10,November,,1750
9,October,6.366999999999999,1750
8,September,11.412999999999998,1750
7,August,14.75,1750
6,July,15.868,1750
5,June,12.937,1750
4,May,11.573,1750
3,April,8.49,1750
2,March,5.626,1750
1,February,3.083,1750
0,January,3.0340000000000003,1750
